,promised_days,promise_slack,route_typical_days,seller_ship_days,distance_km,same_state,purchase_hour,n_items,n_products,n_sellers,total_price,total_freight,total_weight_g,total_volume_cm3,max_installments
promised_days,1.0,0.8677491605158127,0.6334517331373315,0.18538835783723714,0.654084127582642,-0.6145090104626083,-0.0365302726816529,0.006237220375060886,0.01134946433738118,0.015988895360335282,0.10866751853776302,0.4869347562464742,0.0718425555361697,0.05927524758386074,0.08557203886997314
promise_slack,0.8677491605158127,1.0,0.21690199351108935,0.20653276214977392,0.3762363905466492,-0.31747944633006164,-0.03814437685797157,0.008553232311566891,0.013967127838173452,0.018032853065816923,0.1004335543020369,0.3019334686421636,0.08868639027878708,0.08115811854134973,0.06832327779704217
route_typical_days,0.6334517331373315,0.21690199351108935,1.0,0.03360550792847179,0.763242275175112,-0.8093425463171697,0.0070136757222955814,-0.0013769128952042537,0.0014141261789165284,0.006954051248225908,0.06883359845055714,0.5372088747793863,0.013487058917600686,-0.0018046006969496893,0.0681479623222185
seller_ship_days,0.18538835783723714,0.20653276214977392,0.03360550792847179,1.0,0.032459364204425946,-0.010996828301996603,-0.0030290715730015563,0.04562261381722463,0.001608285465747167,0.0029366840122443515,0.025753209134128322,0.0749092518231539,0.10076357662679891,0.10666129243958698,0.011421999896127093
distance_km,0.654084127582642,0.3762363905466492,0.763242275175112,0.032459364204425946,1.0,-0.7540513024170007,0.00267817595095774,0.0015132635713515728,0.01154538806303095,0.024963553885227478,0.10021699375044048,0.5835948231992443,0.025108411787001145,0.011897715846196534,0.09193280871070342
same_state,-0.6145090104626083,-0.31747944633006164,-0.8093425463171697,-0.010996828301996603,-0.7540513024170007,1.0,-0.004758018420218539,-0.002168291598583954,-0.005284465931511127,-0.018871226991788226,-0.09332350277304559,-0.5537898349998871,-0.023814978917052424,-0.012333091060090447,-0.07230565601271975
purchase_hour,-0.0365302726816529,-0.03814437685797157,0.0070136757222955814,-0.0030290715730015563,0.00267817595095774,-0.004758018420218539,1.0,-0.0068858997105613814,0.004082930840047509,-0.0032505264895639563,0.006041000738346549,0.005788446075802393,0.009121595615443743,0.004868608567083972,0.028617853610902272
n_items,0.006237220375060886,0.008553232311566891,-0.0013769128952042537,0.04562261381722463,0.0015132635713515728,-0.002168291598583954,-0.0068858997105613814,1.0,0.5517405108195674,0.33186160506818935,0.17876761244075604,0.39243711512222856,0.185851894545021,0.1951470169548102,0.057127423171050365
n_products,0.01134946433738118,0.013967127838173452,0.0014141261789165284,0.001608285465747167,0.01154538806303095,-0.005284465931511127,0.004082930840047509,0.5517405108195674,1.0,0.6003111380570372,0.10933928634154248,0.21787641390826534,0.09343904658221099,0.0848320057821969,0.06086503463174055
n_sellers,0.015988895360335282,0.018032853065816923,0.006954051248225908,0.0029366840122443515,0.024963553885227478,-0.018871226991788226,-0.0032505264895639563,0.33186160506818935,0.6003111380570372,1.0,0.07884420660288165,0.13735521206835827,0.06947750309527789,0.07671098855425082,0.04775754787772677
total_price,0.10866751853776302,0.1004335543020369,0.06883359845055714,0.025753209134128322,0.10021699375044048,-0.09332350277304559,0.006041000738346549,0.17876761244075604,0.10933928634154248,0.07884420660288165,1.0,0.46979212133556547,0.5478012658677391,0.4281038984758763,0.3699424310555157
total_freight,0.4869347562464742,0.3019334686421636,0.5372088747793863,0.0749092518231539,0.5835948231992443,-0.5537898349998871,0.005788446075802393,0.39243711512222856,0.21787641390826534,0.13735521206835827,0.46979212133556547,1.0,0.49899300519123724,0.42601402661590204,0.22850371889508342
total_weight_g,0.0718425555361697,0.08868639027878708,0.013487058917600686,0.10076357662679891,0.025108411787001145,-0.023814978917052424,0.009121595615443743,0.185851894545021,0.09343904658221099,0.06947750309527789,0.5478012658677391,0.49899300519123724,1.0,0.7821424365971289,0.2282046503701543
total_volume_cm3,0.05927524758386074,0.08115811854134973,-0.0018046006969496893,0.10666129243958698,0.011897715846196534,-0.012333091060090447,0.004868608567083972,0.1951470169548102,0.0848320057821969,0.07671098855425082,0.4281038984758763,0.42601402661590204,0.7821424365971289,1.0,0.17359260208543528
max_installments,0.08557203886997314,0.06832327779704217,0.0681479623222185,0.011421999896127093,0.09193280871070342,-0.07230565601271975,0.028617853610902272,0.057127423171050365,0.06086503463174055,0.04775754787772677,0.3699424310555157,0.22850371889508342,0.2282046503701543,0.17359260208543528,1.0
