feature,fold,roc_auc
promised_days,0,0.4465012100645515
promise_slack,0,0.36021431636883294
route_typical_days,0,0.5627039080439428
seller_ship_days,0,0.6018159817008154
distance_km,0,0.5360585963251203
same_state,0,0.4951265590365497
purchase_hour,0,0.5093024541967339
n_items,0,0.4861669933324779
n_products,0,0.48531154184788133
n_sellers,0,0.49293649705115894
total_price,0,0.520443896806049
total_freight,0,0.5570856247870773
total_weight_g,0,0.5423115551209844
total_volume_cm3,0,0.5510001283066618
max_installments,0,0.5145990859256441
promised_days,1,0.5397165912507899
promise_slack,1,0.4466385340025131
route_typical_days,1,0.6754306694460382
seller_ship_days,1,0.5626392893718087
distance_km,1,0.6123022784552699
same_state,1,0.3906626912936425
purchase_hour,1,0.49162803872720273
n_items,1,0.4873148800488085
n_products,1,0.4949008940957721
n_sellers,1,0.4952605660911818
total_price,1,0.5387512438172297
total_freight,1,0.6077199468336227
total_weight_g,1,0.5659303752878029
total_volume_cm3,1,0.5544182566948236
max_installments,1,0.541314342574502
promised_days,2,0.5411441907837196
promise_slack,2,0.4816925059583754
route_typical_days,2,0.6099117604744473
seller_ship_days,2,0.5552345784454101
distance_km,2,0.5597388515007646
same_state,2,0.40922488214557845
purchase_hour,2,0.5326129236802702
n_items,2,0.49242500363478026
n_products,2,0.4917303990189518
n_sellers,2,0.49474460244637836
total_price,2,0.5671146010076905
total_freight,2,0.5862493406013716
total_weight_g,2,0.5430063020620433
total_volume_cm3,2,0.542760240755669
max_installments,2,0.5308547176403692
promised_days,3,0.4993495573387094
promise_slack,3,0.39097821695032653
route_typical_days,3,0.6749869930837684
seller_ship_days,3,0.5527758289463642
distance_km,3,0.6018273990932542
same_state,3,0.4042965050038371
purchase_hour,3,0.5085893103487016
n_items,3,0.49782543343151314
n_products,3,0.4946528305877732
n_sellers,3,0.4948882722360158
total_price,3,0.5349904448074803
total_freight,3,0.5952070433758865
total_weight_g,3,0.5189180415128856
total_volume_cm3,3,0.5270774359929943
max_installments,3,0.5012937184439428
promised_days,4,0.5395048128567517
promise_slack,4,0.43018877561766744
route_typical_days,4,0.6643709585694125
seller_ship_days,4,0.5281311477136297
distance_km,4,0.6300961518208819
same_state,4,0.3801394359374013
purchase_hour,4,0.5082270362491312
n_items,4,0.47979737557132923
n_products,4,0.48993165111527687
n_sellers,4,0.49494702698148585
total_price,4,0.5166482717947638
total_freight,4,0.5777614950397034
total_weight_g,4,0.4961102744486805
total_volume_cm3,4,0.4951017861280199
max_installments,4,0.5368807527855592
