purchase_month,orders,late_orders,late_rate
2016-09,1,1,1.0
2016-10,265,2,0.007547169811320755
2016-12,1,0,0.0
2017-01,750,22,0.029333333333333333
2017-02,1653,49,0.029643073200241985
2017-03,2546,116,0.04556166535742341
2017-04,2303,151,0.06556665219279201
2017-05,3545,106,0.029901269393511988
2017-06,3135,95,0.030303030303030304
2017-07,3872,108,0.027892561983471075
2017-08,4193,122,0.02909611256856666
2017-09,4150,182,0.04385542168674699
2017-10,4478,187,0.041759714158106295
2017-11,7288,904,0.12403951701427003
2017-12,5513,411,0.07455106112824234
2018-01,7067,401,0.05674260648082637
2018-02,6549,920,0.14047946251336083
2018-03,6994,1319,0.1885902201887332
2018-04,6688,213,0.03184808612440192
2018-05,4108,25,0.006085686465433301
