customer_state,flipped,orders
AC,False,11
AL,False,66
AM,False,29
AM,True,1
AP,False,11
BA,False,634
BA,True,6
CE,False,215
CE,True,1
DF,False,466
DF,True,2
ES,False,358
ES,True,5
GO,False,344
GO,True,3
MA,False,113
MA,True,2
MG,False,2126
MG,True,13
MS,False,135
MS,True,3
MT,False,151
MT,True,1
PA,False,161
PB,False,114
PE,False,324
PI,False,85
PI,True,1
PR,False,971
PR,True,8
RJ,False,2191
RJ,True,27
RN,False,86
RN,True,1
RO,False,37
RR,False,10
RS,False,937
RS,True,6
SC,False,615
SC,True,6
SE,False,76
SP,False,8697
SP,True,259
TO,False,53
TO,True,2
