stage,score_source,label,period,orders,late,late_rate,roc_auc,pr_auc,pr_auc_over_rate,top10_precision,top10_lift,top10_recall,cutoff_flagged_share,cutoff_precision,cutoff_recall
checkout,frozen,calendar_label,all,19363,674,0.034808655683520116,0.6679838963334404,0.0651267024932204,1.870991602932087,0.06814661848218895,1.957749219095882,0.19584569732937684,0.42947890306254194,0.05218855218855219,0.6439169139465876
checkout,frozen,calendar_label,2018-05,760,2,0.002631578947368421,0.9610817941952506,0.06166666666666666,23.433333333333334,0.02631578947368421,10.0,1.0,0.035526315789473684,0.037037037037037035,0.5
checkout,frozen,calendar_label,2018-06,6096,71,0.011646981627296589,0.7608602653263983,0.059877200141519954,5.141005803700079,0.03770491803278689,3.237312398984068,0.323943661971831,0.2017716535433071,0.030894308943089432,0.5352112676056338
checkout,frozen,calendar_label,2018-07,6156,208,0.03378817413905133,0.6341126299725828,0.06344231268802926,1.8776484466707122,0.07792207792207792,2.3061938061938063,0.23076923076923078,0.5032488628979858,0.045190445448676564,0.6730769230769231
checkout,frozen,calendar_label,2018-08,6351,393,0.061880018894662256,0.5219543590545181,0.07445517398132513,1.2032183459424832,0.07389937106918239,1.1942364011714437,0.11959287531806616,0.6236813100299166,0.06437768240343347,0.648854961832061
checkout,frozen,timestamp_label,all,19363,1021,0.05272943242266178,0.6597977207675987,0.08877237389874718,1.6835450301679153,0.087248322147651,1.6546417842751875,0.16552399608227228,0.42947890306254194,0.07744107744107744,0.6307541625857003
checkout,frozen,timestamp_label,2018-05,760,2,0.002631578947368421,0.9610817941952506,0.06166666666666666,23.433333333333334,0.02631578947368421,10.0,1.0,0.035526315789473684,0.037037037037037035,0.5
checkout,frozen,timestamp_label,2018-06,6096,83,0.013615485564304463,0.749450487798525,0.061732898239867315,4.534021056267845,0.04426229508196721,3.2508789255382182,0.3253012048192771,0.2017716535433071,0.034959349593495934,0.5180722891566265
checkout,frozen,timestamp_label,2018-07,6156,276,0.04483430799220273,0.6346297939465642,0.09563299044354823,2.1330314825017496,0.10551948051948051,2.3535431959345003,0.23550724637681159,0.5032488628979858,0.05907036797934151,0.6630434782608695
checkout,frozen,timestamp_label,2018-08,6351,660,0.10392064241851677,0.4990311656363317,0.10702744088869062,1.0298958743698092,0.0959119496855346,0.9229345340194397,0.09242424242424242,0.6236813100299166,0.10527644534208533,0.6318181818181818
handover,frozen,calendar_label,all,19230,672,0.03494539781591264,0.8045501811566312,0.20794374671789864,5.9505331092041525,0.1357254290171607,3.8839285714285716,0.38839285714285715,0.39765990639625587,0.07336210278540604,0.8348214285714286
handover,frozen,calendar_label,2018-05,755,2,0.0026490066225165563,0.7948207171314741,0.015345379095703294,5.792880608627994,0.013157894736842105,4.967105263157895,0.5,0.03443708609271523,0.0,0.0
handover,frozen,calendar_label,2018-06,6050,70,0.011570247933884297,0.79775441949355,0.12989316940019446,11.226481069588237,0.047933884297520664,4.142857142857143,0.4142857142857143,0.15834710743801653,0.03966597077244259,0.5428571428571428
handover,frozen,calendar_label,2018-07,6119,207,0.03382905703546331,0.789886940832696,0.3076777624168136,9.095073566321172,0.16339869281045752,4.830128508730384,0.4830917874396135,0.46805033502206245,0.05970670391061453,0.8260869565217391
handover,frozen,calendar_label,2018-08,6306,393,0.06232159847764034,0.7338856162447085,0.17400678622234347,2.7920783560256943,0.15847860538827258,2.5429162482912133,0.2544529262086514,0.60244211861719,0.09265596209528823,0.8956743002544529
handover,frozen,timestamp_label,all,19230,1018,0.05293811752470099,0.7823296628186602,0.21370955419476098,4.036969280123039,0.16640665626625065,3.143418467583497,0.3143418467583497,0.39765990639625587,0.10697005361579705,0.8035363457760314
handover,frozen,timestamp_label,2018-05,755,2,0.0026490066225165563,0.7948207171314741,0.015345379095703294,5.792880608627994,0.013157894736842105,4.967105263157895,0.5,0.03443708609271523,0.0,0.0
handover,frozen,timestamp_label,2018-06,6050,82,0.013553719008264463,0.809847642712352,0.12880941040896188,9.503621133831944,0.05785123966942149,4.2682926829268295,0.4268292682926829,0.15834710743801653,0.05010438413361169,0.5853658536585366
handover,frozen,timestamp_label,2018-07,6119,274,0.04477855858800458,0.7798573863742796,0.3273408735176517,7.310214616987264,0.20098039215686275,4.488317589809647,0.4489051094890511,0.46805033502206245,0.07786312849162011,0.8138686131386861
handover,frozen,timestamp_label,2018-08,6306,660,0.10466222645099905,0.6719106581221352,0.19190374662602533,1.8335530700359328,0.18700475435816163,1.7867454257311624,0.1787878787878788,0.60244211861719,0.14398525927875758,0.8287878787878787
