split,order_purchase_timestamp,promised_days,promise_slack,promise_vs_recent,recent_route_slack,late_rate
test,2018-05,35.547459490740735,22.907205207294165,14.470838515948943,23.010500436002133,0.002631578947368421
test,2018-06,27.27822337962963,14.246109116586041,-1.1030689815867891,15.216304178543636,0.011646981627296589
test,2018-07,19.332650462962963,6.11460264712502,-3.9623964086796306,8.096981556905757,0.03378817413905133
test,2018-08,13.439317129629629,1.8814815312414377,-2.6926000791936424,4.914202998700937,0.061880018894662256
train,2016-09,18.488449074074072,,-18.627545745149913,,1.0
train,2016-10,54.15209490740741,,1.2847496874735214,,0.007547169811320755
train,2016-12,26.030011574074074,6.791979461206427,,-2.361602850837965,0.0
train,2017-01,38.98290509259259,21.850303311553787,0.5346926466144772,24.86595175703104,0.029333333333333333
train,2017-02,30.17646990740741,18.24278462276783,-5.183751245729738,20.56073887907612,0.029643073200241985
train,2017-03,22.585219907407406,11.217448697996664,-2.9695737053558044,11.950049409868686,0.04556166535742341
train,2017-04,25.47054398148148,14.093124812035692,0.15697637455745195,14.214318260252789,0.06556665219279201
train,2017-05,23.33525462962963,11.629856856206434,-1.363535766601526,11.421881014257984,0.029901269393511988
train,2017-06,23.41980324074074,11.694845937835202,-0.04087578425817284,11.555732638987028,0.030303030303030304
train,2017-07,23.01266782407407,10.836192304683472,-0.1152239317230137,11.244264256773413,0.027892561983471075
train,2017-08,22.552777777777777,11.230899090708991,0.251951844073087,11.699636788725607,0.02909611256856666
train,2017-09,22.138738425925926,10.079633632478725,-0.45788619506401496,10.6394784141804,0.04385542168674699
train,2017-10,22.398171296296297,10.552413858912185,-0.7738726933240887,10.929310153912763,0.041759714158106295
train,2017-11,22.269305555555555,10.77851287396232,0.40817527025738976,10.915242738804658,0.12403951701427003
train,2017-12,27.43806712962963,15.820773492945907,3.35919400784147,15.637319072211628,0.07455106112824234
train,2018-01,25.569814814814816,13.285207294182678,-1.235755141533918,11.614002321427327,0.05674260648082637
train,2018-02,24.260381944444443,11.057849155908483,-1.7864339947738586,9.23443182923161,0.14047946251336083
train,2018-03,21.318819444444443,8.357156389209216,-1.6409823867603155,6.894015102650042,0.1885902201887332
train,2018-04,23.344693287037035,10.138428561643513,1.1948530316449322,8.319090352821215,0.03184808612440192
train,2018-05,19.34804976851852,6.999934436372662,-2.964518289614851,5.997541412149526,0.006085686465433301
unavailable_at_cutoff,2018-01,22.44806134259259,9.397952731012662,-4.898945510789381,10.388383542869214,1.0
unavailable_at_cutoff,2018-02,23.410052083333333,8.588734876354387,-1.7976464911849988,5.332262997843566,1.0
unavailable_at_cutoff,2018-03,26.170567129629628,11.823602375729784,1.2883730681069103,9.994490448815837,1.0
unavailable_at_cutoff,2018-04,32.11199074074074,13.585713541426529,4.320170535620107,11.689831028297286,0.8454545454545455
unavailable_at_cutoff,2018-05,23.126585648148147,8.931016214594225,0.24694645068488086,8.287890171082225,0.22115895800106328
