variant,period,fit_orders,orders,mae,bias_pred_minus_actual
frozen,validation_1,23695,7601,3.976036969202047,-0.6209963532431254
frozen,validation_2,30987,7601,6.662817527611543,-4.4826544953927545
frozen,validation_3,36197,7601,5.335373127732518,-2.2013772179395743
frozen,validation_4,45014,7601,5.8319896138951615,-3.2732492948524263
frozen,validation_5,52198,7601,7.243157923013293,-4.713778673982514
frozen,opened_test_post_hoc,75099,19363,5.001465342850323,3.659281895868868
frozen,test_2018-05,75099,760,4.3279955526661755,2.4403985744203864
frozen,test_2018-06,75099,6096,5.557593654714516,4.308009029710851
frozen,test_2018-07,75099,6156,5.156678292636782,3.5915789575046384
frozen,test_2018-08,75099,6351,4.397810474724106,3.248085234708472
route30,validation_1,23695,7601,3.9658006811250894,-0.6332589205478233
route30,validation_2,30987,7601,6.647259730698088,-4.514911805832262
route30,validation_3,36197,7601,5.316743041234087,-2.0923594843257214
route30,validation_4,45014,7601,5.7717113665658735,-3.0785865062416757
route30,validation_5,52198,7601,7.113135242338764,-4.34559681190081
route30,opened_test_post_hoc,75099,19363,4.500675071434865,2.929159371806193
route30,test_2018-05,75099,760,4.095913137034631,1.9033774037537883
route30,test_2018-06,75099,6096,5.26761598481294,3.932373189148907
route30,test_2018-07,75099,6156,4.5703575076423215,2.7270763831353633
route30,test_2018-08,75099,6351,3.745421124796277,2.284855442260653
route90,validation_1,23695,7601,3.9855857812573485,-0.6068427048411199
route90,validation_2,30987,7601,6.682449188305572,-4.550487737166128
route90,validation_3,36197,7601,5.347103383915497,-2.4190175159325067
route90,validation_4,45014,7601,5.879918945295816,-3.4567041638329967
route90,validation_5,52198,7601,7.248399598525871,-4.768367002230423
route90,opened_test_post_hoc,75099,19363,4.801571780971285,3.3507210386033046
route90,test_2018-05,75099,760,4.37724313316424,2.5222747847648463
route90,test_2018-06,75099,6096,5.584478976762828,4.330086111470668
route90,test_2018-07,75099,6156,4.913930481274436,3.214087186903862
route90,test_2018-08,75099,6351,3.991968151262875,2.6422542868759464
route180,validation_1,23695,7601,3.979156696527185,-0.6137340558978346
route180,validation_2,30987,7601,6.659622876837522,-4.444969347800655
route180,validation_3,36197,7601,5.3424495891974,-2.2302612278543563
route180,validation_4,45014,7601,5.870833545365459,-3.3884731232022873
route180,validation_5,52198,7601,7.282497443941776,-4.834843426634345
route180,opened_test_post_hoc,75099,19363,5.019228797389956,3.6771278544658323
route180,test_2018-05,75099,760,4.380748394489162,2.5410551907590477
route180,test_2018-06,75099,6096,5.633798313259012,4.401132823859255
route180,test_2018-07,75099,6156,5.164017456244018,3.5962513286390196
route180,test_2018-08,75099,6351,4.36539638573214,3.1965353216339487
global90,validation_1,23695,7601,3.951814779996663,-0.599962257725934
global90,validation_2,30987,7601,6.666044763135438,-4.623577581421
global90,validation_3,36197,7601,5.325696598492621,-2.741591160667269
global90,validation_4,45014,7601,6.105058905011987,-4.439328500692698
global90,validation_5,52198,7601,7.471218232781816,-5.721452258875713
global90,opened_test_post_hoc,75099,19363,4.967442009309903,3.6077266984524563
global90,test_2018-05,75099,760,4.342668997119308,2.472459655914069
global90,test_2018-06,75099,6096,5.564999053101183,4.319450886324938
global90,test_2018-07,75099,6156,5.113117490912996,3.527401848301041
global90,test_2018-08,75099,6351,4.32743909410987,3.138290716810297
shipping90,validation_1,23695,7601,3.941321465225795,-0.5931743186578814
shipping90,validation_2,30987,7601,6.596585816009842,-4.3489445363054005
shipping90,validation_3,36197,7601,5.301043234895402,-1.7081605698113447
shipping90,validation_4,45014,7601,5.617846989010044,-2.293192508762086
shipping90,validation_5,52198,7601,6.940422951313292,-3.5742168553502336
shipping90,opened_test_post_hoc,75099,19363,4.49000947107843,2.8887368530083526
shipping90,test_2018-05,75099,760,4.685153653297379,3.0499499515062887
shipping90,test_2018-06,75099,6096,5.725655244950884,4.526061843076654
shipping90,test_2018-07,75099,6156,4.476645284570957,2.6028345572286766
shipping90,test_2018-08,75099,6351,3.2935779982595266,1.5749845995844631
weighted90,validation_1,23695,7601,3.936713838561927,-0.8869527655841452
weighted90,validation_2,30987,7601,6.643049457890929,-4.669623819732131
weighted90,validation_3,36197,7601,5.259843744061364,-2.13337187458283
weighted90,validation_4,45014,7601,5.628062107112142,-2.5683434090075377
weighted90,validation_5,52198,7601,6.990396149457245,-4.027806560942212
weighted90,opened_test_post_hoc,75099,19363,4.9944623571982545,3.569785818329033
weighted90,test_2018-05,75099,760,4.400809292834299,2.5453146345377626
weighted90,test_2018-06,75099,6096,5.559074591924687,4.265529020391762
weighted90,test_2018-07,75099,6156,5.1466478919760625,3.5033399801411944
weighted90,test_2018-08,75099,6351,4.376047303495229,3.0889777754682695
