candidate,gamma,target,window,promise_at_95
linear_plain,0.0,0.9745202808112324,0,24.178944298937594
linear_plain,0.0,0.9745202808112324,1,25.27403909207283
linear_plain,0.0,0.9745202808112324,2,29.212641318440532
linear_plain,0.0,0.9745202808112324,3,39.946098263612164
linear_plain,0.0,0.9745202808112324,4,38.615434458188744
ridge_a0.1,0.0,0.9746501572327043,0,24.200750387444867
ridge_a0.1,0.0,0.9746501572327043,1,25.284952368895503
ridge_a0.1,0.0,0.9746501572327043,2,29.25292931499412
ridge_a0.1,0.0,0.9746501572327043,3,39.96027159203644
ridge_a0.1,0.0,0.9746501572327043,4,38.66038666709691
ridge_a1,0.0,0.9749650621118011,0,24.19634905222504
ridge_a1,0.0,0.9749650621118011,1,25.230896749855543
ridge_a1,0.0,0.9749650621118011,2,29.285987112679653
ridge_a1,0.0,0.9749650621118011,3,40.06959079428088
ridge_a1,0.0,0.9749650621118011,4,38.76389226531975
ridge_a10,0.0,0.9750039745627981,0,24.201327161997977
ridge_a10,0.0,0.9750039745627981,1,25.18092334307113
ridge_a10,0.0,0.9750039745627981,2,29.250833136548643
ridge_a10,0.0,0.9750039745627981,3,40.0454446103548
ridge_a10,0.0,0.9750039745627981,4,38.73056631741828
ridge_a100,0.0,0.9739279935275079,0,24.108868052619506
ridge_a100,0.0,0.9739279935275079,1,25.18444483756818
ridge_a100,0.0,0.9739279935275079,2,29.29288494232359
ridge_a100,0.0,0.9739279935275079,3,39.9223972084238
ridge_a100,0.0,0.9739279935275079,4,38.275442807091
ridge_a1000,0.0,0.9710008517887563,0,23.86885719779987
ridge_a1000,0.0,0.9710008517887563,1,25.220284103656205
ridge_a1000,0.0,0.9710008517887563,2,29.48547672714988
ridge_a1000,0.0,0.9710008517887563,3,39.684078206781244
ridge_a1000,0.0,0.9710008517887563,4,37.63089514358258
tree_plain,0.0,0.9765105078809106,0,35.884959083409385
tree_plain,0.0,0.9765105078809106,1,41.103140175813344
tree_plain,0.0,0.9765105078809106,2,44.72582192038055
tree_plain,0.0,0.9765105078809106,3,56.901803523409555
tree_plain,0.0,0.9765105078809106,4,55.74361424930031
tree_d4_l20,0.0,0.9738020833333333,0,24.43504555321668
tree_d4_l20,0.0,0.9738020833333333,1,24.8976333980178
tree_d4_l20,0.0,0.9738020833333333,2,30.531932475989993
tree_d4_l20,0.0,0.9738020833333333,3,43.43366004473095
tree_d4_l20,0.0,0.9738020833333333,4,39.61486290181116
tree_d4_l100,0.0,0.9739772727272727,0,24.414972312255575
tree_d4_l100,0.0,0.9739772727272727,1,24.979932365358636
tree_d4_l100,0.0,0.9739772727272727,2,30.353497147504527
tree_d4_l100,0.0,0.9739772727272727,3,43.49616677231466
tree_d4_l100,0.0,0.9739772727272727,4,39.67032148879933
tree_d6_l20,0.0,0.9737885662431942,0,23.998267493220766
tree_d6_l20,0.0,0.9737885662431942,1,25.52298609816123
tree_d6_l20,0.0,0.9737885662431942,2,31.182979971352527
tree_d6_l20,0.0,0.9737885662431942,3,41.702568329078886
tree_d6_l20,0.0,0.9737885662431942,4,39.030601212802516
tree_d6_l100,0.0,0.9744479927007299,0,24.04977663330891
tree_d6_l100,0.0,0.9744479927007299,1,25.606126186815604
tree_d6_l100,0.0,0.9744479927007299,2,31.074891581687773
tree_d6_l100,0.0,0.9744479927007299,3,42.152873601437385
tree_d6_l100,0.0,0.9744479927007299,4,38.971324424753945
tree_d8_l20,0.0,0.9778244005641749,0,25.08276562971726
tree_d8_l20,0.0,0.9778244005641749,1,27.319661701034434
tree_d8_l20,0.0,0.9778244005641749,2,33.020415202216164
tree_d8_l20,0.0,0.9778244005641749,3,41.25176666495333
tree_d8_l20,0.0,0.9778244005641749,4,40.01764401128275
tree_d8_l100,0.0,0.9750405604719764,0,23.62712046117205
tree_d8_l100,0.0,0.9750405604719764,1,26.36652329747018
tree_d8_l100,0.0,0.9750405604719764,2,31.228814938183504
tree_d8_l100,0.0,0.9750405604719764,3,40.80043293092549
tree_d8_l100,0.0,0.9750405604719764,4,39.14508434886111
tree_d12_l20,0.0,0.978158088235294,0,25.612549529086717
tree_d12_l20,0.0,0.978158088235294,1,28.175183315662785
tree_d12_l20,0.0,0.978158088235294,2,33.58772220373478
tree_d12_l20,0.0,0.978158088235294,3,42.40854231641345
tree_d12_l20,0.0,0.978158088235294,4,41.28062580774973
tree_d12_l100,0.0,0.9752349768875193,0,23.72998144757938
tree_d12_l100,0.0,0.9752349768875193,1,26.689722370485278
tree_d12_l100,0.0,0.9752349768875193,2,31.084125811440355
tree_d12_l100,0.0,0.9752349768875193,3,40.977689609407896
tree_d12_l100,0.0,0.9752349768875193,4,40.18649084977669
forest_l5_sqrt,0.0,0.9775496941896024,0,23.849497963610922
forest_l5_sqrt,0.0,0.9775496941896024,1,25.315405696659084
forest_l5_sqrt,0.0,0.9775496941896024,2,30.162006538251227
forest_l5_sqrt,0.0,0.9775496941896024,3,39.430931196884984
forest_l5_sqrt,0.0,0.9775496941896024,4,38.65040809252925
forest_l5_half,0.0,0.9799319948186528,0,24.390072115204354
forest_l5_half,0.0,0.9799319948186528,1,26.501652530039326
forest_l5_half,0.0,0.9799319948186528,2,30.958784142119278
forest_l5_half,0.0,0.9799319948186528,3,38.525882707006765
forest_l5_half,0.0,0.9799319948186528,4,40.03840892560494
forest_l20_sqrt,0.0,0.9765510033444815,0,23.912760224737184
forest_l20_sqrt,0.0,0.9765510033444815,1,25.073342587381774
forest_l20_sqrt,0.0,0.9765510033444815,2,30.03865167582683
forest_l20_sqrt,0.0,0.9765510033444815,3,39.70144440596839
forest_l20_sqrt,0.0,0.9765510033444815,4,38.245546319596194
forest_l20_half,0.0,0.9784449929478138,0,23.923697173317528
forest_l20_half,0.0,0.9784449929478138,1,26.331595120826105
forest_l20_half,0.0,0.9784449929478138,2,30.90155005215149
forest_l20_half,0.0,0.9784449929478138,3,38.90054724259614
forest_l20_half,0.0,0.9784449929478138,4,39.496753916092636
forest_l50_sqrt,0.0,0.9768546931407942,0,24.253775925835335
forest_l50_sqrt,0.0,0.9768546931407942,1,24.872100953845614
forest_l50_sqrt,0.0,0.9768546931407942,2,30.115390301105165
forest_l50_sqrt,0.0,0.9768546931407942,3,39.9560423243759
forest_l50_sqrt,0.0,0.9768546931407942,4,38.306100529713696
forest_l50_half,0.0,0.9768913994169096,0,23.749154582238106
forest_l50_half,0.0,0.9768913994169096,1,26.0299304161682
forest_l50_half,0.0,0.9768913994169096,2,30.777019806738643
forest_l50_half,0.0,0.9768913994169096,3,39.0082045269477
forest_l50_half,0.0,0.9768913994169096,4,39.23023027505588
boost_lr0.03_n200_l20,0.0,0.9767220421393841,0,23.919393763125505
boost_lr0.03_n200_l20,0.0,0.9767220421393841,1,25.891296024983486
boost_lr0.03_n200_l20,0.0,0.9767220421393841,2,30.007562715133652
boost_lr0.03_n200_l20,0.0,0.9767220421393841,3,38.78309862623637
boost_lr0.03_n200_l20,0.0,0.9767220421393841,4,38.90480358828499
boost_lr0.03_n200_l100,0.0,0.9766031390134529,0,23.976112861005415
boost_lr0.03_n200_l100,0.0,0.9766031390134529,1,26.082841943737627
boost_lr0.03_n200_l100,0.0,0.9766031390134529,2,30.092851837408688
boost_lr0.03_n200_l100,0.0,0.9766031390134529,3,38.65496249903393
boost_lr0.03_n200_l100,0.0,0.9766031390134529,4,38.49805400870665
boost_lr0.03_n500_l20,0.0,0.9779619565217391,0,24.25777429171219
boost_lr0.03_n500_l20,0.0,0.9779619565217391,1,26.899824036311013
boost_lr0.03_n500_l20,0.0,0.9779619565217391,2,30.41045586107091
boost_lr0.03_n500_l20,0.0,0.9779619565217391,3,37.50266591066393
boost_lr0.03_n500_l20,0.0,0.9779619565217391,4,39.78102173341036
boost_lr0.03_n500_l100,0.0,0.9780206738131699,0,24.762675097356606
boost_lr0.03_n500_l100,0.0,0.9780206738131699,1,26.76517290483056
boost_lr0.03_n500_l100,0.0,0.9780206738131699,2,30.321392536607068
boost_lr0.03_n500_l100,0.0,0.9780206738131699,3,37.47271929441055
boost_lr0.03_n500_l100,0.0,0.9780206738131699,4,38.98124375308881
boost_lr0.1_n200_l20,0.0,0.9771266471449487,0,24.71754212620939
boost_lr0.1_n200_l20,0.0,0.9771266471449487,1,27.33331333262575
boost_lr0.1_n200_l20,0.0,0.9771266471449487,2,30.491813610869944
boost_lr0.1_n200_l20,0.0,0.9771266471449487,3,37.450805193814546
boost_lr0.1_n200_l20,0.0,0.9771266471449487,4,39.59539846321367
boost_lr0.1_n200_l100,0.0,0.9775728527607361,0,24.9394014389453
boost_lr0.1_n200_l100,0.0,0.9775728527607361,1,27.462941084600576
boost_lr0.1_n200_l100,0.0,0.9775728527607361,2,30.381744299466558
boost_lr0.1_n200_l100,0.0,0.9775728527607361,3,37.03715995756127
boost_lr0.1_n200_l100,0.0,0.9775728527607361,4,38.71698186305804
boost_lr0.1_n500_l20,0.0,0.9771354883081155,0,25.196938178879297
boost_lr0.1_n500_l20,0.0,0.9771354883081155,1,28.446843760331962
boost_lr0.1_n500_l20,0.0,0.9771354883081155,2,31.333190114527376
boost_lr0.1_n500_l20,0.0,0.9771354883081155,3,37.11222474527801
boost_lr0.1_n500_l20,0.0,0.9771354883081155,4,40.252987417314756
boost_lr0.1_n500_l100,0.0,0.9765973201692524,0,25.99527765164889
boost_lr0.1_n500_l100,0.0,0.9765973201692524,1,28.22177896197681
boost_lr0.1_n500_l100,0.0,0.9765973201692524,2,31.040410668999254
boost_lr0.1_n500_l100,0.0,0.9765973201692524,3,36.95483256137515
boost_lr0.1_n500_l100,0.0,0.9765973201692524,4,38.75278983965622
mean_baseline,0.0,0.9762157012195122,0,28.53548489086802
mean_baseline,0.0,0.9762157012195122,1,28.777493724750595
mean_baseline,0.0,0.9762157012195122,2,33.33695030900941
mean_baseline,0.0,0.9762157012195122,3,44.09151169735369
mean_baseline,0.0,0.9762157012195122,4,40.165501781296435
route_baseline,0.0,0.971986921529175,0,25.40060352908133
route_baseline,0.0,0.971986921529175,1,25.71173018905433
route_baseline,0.0,0.971986921529175,2,30.707973402843045
route_baseline,0.0,0.971986921529175,3,39.73938109647225
route_baseline,0.0,0.971986921529175,4,37.411810754012286
