candidate,window,mae,rmse,r2,mean_signed_error
linear_plain,0,4.012458311652353,6.45004871189872,0.2758464906453796,-0.36823778349142217
linear_plain,1,6.671083369704274,11.026319822638113,0.06809808901217573,-4.3472217037263
linear_plain,2,5.449647037858791,8.989535942466402,0.18014228351307826,-2.3995969874260754
linear_plain,3,5.732204960403769,9.092454958515216,0.22620416127504694,-2.6534820192710247
linear_plain,4,6.949975199526871,10.49552197421671,0.23217030411798267,-3.188655491550958
ridge_a0.1,0,4.012060471010466,6.449368459262305,0.2759992278973168,-0.36719192726417815
ridge_a0.1,1,6.669924825032014,11.025365502257795,0.0682593929675912,-4.346809782542138
ridge_a0.1,2,5.449432548911809,8.98923466044,0.18019723724073555,-2.39892340119621
ridge_a0.1,3,5.732004488342455,9.091982875903192,0.22628451054909127,-2.652567897002905
ridge_a0.1,4,6.950092407788135,10.49562358578207,0.23215543668114713,-3.1887375579798527
ridge_a1,0,4.009831601484395,6.4466448027770005,0.27661060962387873,-0.36255842015766837
ridge_a1,1,6.666909904073216,11.02357078915513,0.06856270644488849,-4.345227500008752
ridge_a1,2,5.447944185667459,8.987980287989409,0.18042601450406992,-2.3972147600754603
ridge_a1,3,5.7309797756648235,9.090684175826036,0.22650553001534757,-2.6511141484566796
ridge_a1,4,6.949238836210065,10.495030621763156,0.2322421950014969,-3.1892645482483455
ridge_a10,0,3.9994686899400502,6.4357914801376035,0.27904430023876214,-0.3492463368306776
ridge_a10,1,6.657420783863087,11.014480071713143,0.07009831446669268,-4.336004197644899
ridge_a10,2,5.43807937769311,8.976165474575769,0.182579279001702,-2.3828264943459714
ridge_a10,3,5.722907123989638,9.080467469500581,0.2282431605348717,-2.6335178002481965
ridge_a10,4,6.94730877939539,10.491085098520761,0.23281935136631549,-3.182307236196068
ridge_a100,0,3.9823921998862124,6.421806474204213,0.2821741763491411,-0.32839951501576564
ridge_a100,1,6.619786091245065,10.976013268234015,0.0765821218281717,-4.311261651569624
ridge_a100,2,5.401131625826289,8.91722641939782,0.19327868791017988,-2.2822569124256997
ridge_a100,3,5.685422780242108,9.01753307704342,0.23890378669826695,-2.4997160667200435
ridge_a100,4,6.922917670853808,10.441984049449621,0.23998376248506703,-3.098439696153559
ridge_a1000,0,4.016950179559284,6.445388719386821,0.27689247682918516,-0.3134396870035819
ridge_a1000,1,6.585300376655314,10.937396970911458,0.08306831129682213,-4.307952526452576
ridge_a1000,2,5.370242475720217,8.839357066583206,0.2073064992067103,-2.093311835210592
ridge_a1000,3,5.641256038388889,8.91578653395961,0.2559820782936494,-2.230693907976907
ridge_a1000,4,6.875839707322266,10.330751046770507,0.25608963153697495,-2.8988892971819684
tree_plain,0,6.098576238902533,10.788666830038093,-1.0260036057021806,-0.8663715364064345
tree_plain,1,8.261137294008584,13.004433842874588,-0.29625943703943114,-4.840462550310145
tree_plain,2,6.979177841030907,10.900373605277247,-0.20544308260990007,-2.9178474574800095
tree_plain,3,8.100407044699285,12.326906118611738,-0.4222379078212686,-3.7413712712021323
tree_plain,4,9.393981641365416,14.257345266358033,-0.41688353590960237,-4.465091745969097
tree_d4_l20,0,4.257636115525944,6.78151514856533,0.19950592255950095,-0.6938210227115961
tree_d4_l20,1,6.8869499717106715,11.326137420351413,0.016730234747900696,-4.65222020527234
tree_d4_l20,2,5.5894461537658096,9.165546576240802,0.1477231743955697,-2.3755825585974977
tree_d4_l20,3,5.893747770800428,9.157377912794386,0.2151144244800891,-1.9443050851432921
tree_d4_l20,4,7.149497666930316,10.634345377199113,0.21172393123879496,-3.2041397347339373
tree_d4_l100,0,4.2379337557372585,6.7425257315055145,0.20868412996549657,-0.6909082974399833
tree_d4_l100,1,6.8880580138406176,11.326367639978193,0.016690261667829054,-4.6401448603541064
tree_d4_l100,2,5.580744709150603,9.168429023702569,0.147187029727335,-2.4422459072448075
tree_d4_l100,3,5.893747770800428,9.157377912794386,0.2151144244800891,-1.9443050851432921
tree_d4_l100,4,7.149497666930316,10.634345377199113,0.21172393123879496,-3.2041397347339373
tree_d6_l20,0,4.18634915946218,6.746073419309897,0.20785118387460255,-0.825026265311416
tree_d6_l20,1,6.847797877810976,11.314632661927098,0.018726773436022914,-4.939769005277408
tree_d6_l20,2,5.550629183176262,9.165677634914573,0.147698800711336,-2.598189289689756
tree_d6_l20,3,5.946079533405111,9.344914542337198,0.1826374382661552,-2.8255319440432265
tree_d6_l20,4,7.103692413063238,10.774378303495912,0.19082722866977786,-3.599213340389695
tree_d6_l100,0,4.158007188952223,6.697163914210518,0.21929581461928582,-0.8160656999355818
tree_d6_l100,1,6.826150725539373,11.289917622087433,0.023008966246258145,-4.908148973126401
tree_d6_l100,2,5.540901597347438,9.153355445583825,0.1499889002886966,-2.6379259002111732
tree_d6_l100,3,5.913169120884234,9.30356526285123,0.18985474983552952,-2.7191084874144162
tree_d6_l100,4,7.097090159050879,10.775311842458319,0.19068700210386402,-3.6204012599476645
tree_d8_l20,0,4.337859759898985,6.934192396154206,0.16305595140909257,-0.9951750273875853
tree_d8_l20,1,6.857280783808072,11.310061424845399,0.019519503800657145,-4.994761283708115
tree_d8_l20,2,5.560287116708562,9.1627146502331,0.14824975773007198,-2.699294724146706
tree_d8_l20,3,6.12834527773763,9.710080781213415,0.11751006865499758,-3.534631621513781
tree_d8_l20,4,7.41795987016599,11.460607589167608,0.0844710006603433,-4.245753765890568
tree_d8_l100,0,4.140427630308813,6.679905700724626,0.22331429150644022,-0.8549398532407058
tree_d8_l100,1,6.813906920853218,11.261524454436723,0.02791688310680851,-4.956998459550856
tree_d8_l100,2,5.552162330463521,9.17126924065705,0.1466585751743923,-2.775397049449397
tree_d8_l100,3,5.9512243615984595,9.435653357692342,0.16668724686979708,-3.1446587562315864
tree_d8_l100,4,7.258991743929102,11.183697952378647,0.12817829233213884,-4.1037664685817035
tree_d12_l20,0,4.468911397014294,7.066367316214721,0.13084532985800879,-1.014999198250376
tree_d12_l20,1,6.984877620579992,11.382918912407108,0.006846640228438949,-5.046108312624198
tree_d12_l20,2,5.674869719501755,9.261935560736992,0.12970306820424016,-2.869252308437356
tree_d12_l20,3,6.377795288549619,9.91398918044526,0.08005692538434572,-3.7350242727219056
tree_d12_l20,4,7.582750898501864,11.681177969672854,0.04889141573065814,-4.383168502933455
tree_d12_l100,0,4.149193008114981,6.68907567003097,0.22118040729171362,-0.8623006514733875
tree_d12_l100,1,6.8621507427800585,11.288178557184155,0.02330992857674663,-4.963441532235172
tree_d12_l100,2,5.572294179183673,9.185525472924589,0.1440035688750151,-2.798966354455126
tree_d12_l100,3,6.0223904729954585,9.501874301687664,0.1549495545613795,-3.262213353996482
tree_d12_l100,4,7.232865911256099,11.144837821317543,0.13422642522981365,-4.048811201146454
forest_l5_sqrt,0,4.038331863055064,6.554274496502589,0.25225433750265747,-0.8306668349538517
forest_l5_sqrt,1,6.721156317304934,11.140149228243219,0.048757930965495744,-4.755697564307855
forest_l5_sqrt,2,5.382341617666444,8.964258353904224,0.1847465009778836,-2.5161596773217885
forest_l5_sqrt,3,5.774261881238059,9.215969787021809,0.2050383873944034,-3.008098882817496
forest_l5_sqrt,4,6.9869729927910615,10.671414571412852,0.20621880863848052,-3.6543559553721607
forest_l5_half,0,4.1553090614820745,6.702081082322663,0.2181489820049436,-1.0857555556637024
forest_l5_half,1,6.764768874309118,11.193942104925158,0.03954915114159396,-4.922554035714235
forest_l5_half,2,5.373852523215649,8.970333037384654,0.18364120374492998,-2.6343597938261674
forest_l5_half,3,6.066653566740865,9.667271093526217,0.12527433738466243,-3.8060730778895615
forest_l5_half,4,7.130362486306258,11.001535874604233,0.15634777049008808,-3.839919308424644
forest_l20_sqrt,0,4.034510366505171,6.524255315576819,0.25908813988181334,-0.6571478041766905
forest_l20_sqrt,1,6.721565428082162,11.129688686560492,0.05054351486973996,-4.673785222168437
forest_l20_sqrt,2,5.418038076742393,8.994742385029296,0.17919233943647062,-2.4697757699930842
forest_l20_sqrt,3,5.777842382855406,9.203871147317065,0.2071242538135929,-2.8618914491895335
forest_l20_sqrt,4,7.041741148774379,10.700605524509431,0.20187019654805216,-3.6140647003788207
forest_l20_half,0,4.104393718124281,6.661179048368245,0.227662956395556,-1.0632136474614984
forest_l20_half,1,6.773919719930435,11.216184412556021,0.03572853695984124,-4.957911934430916
forest_l20_half,2,5.379203523030091,8.988772382796475,0.1802815529270143,-2.686050385807553
forest_l20_half,3,5.966580468614643,9.553576227473632,0.14572829993480096,-3.6209477916620796
forest_l20_half,4,7.0704613258629125,10.907793050409676,0.17066384430136516,-3.8571356889505335
forest_l50_sqrt,0,4.059340174164644,6.523386694877225,0.2592854125222973,-0.5282270447968004
forest_l50_sqrt,1,6.7384569060584365,11.133572484034508,0.049880757771346484,-4.605008122500997
forest_l50_sqrt,2,5.452880440201933,9.01996010846059,0.17458344337715181,-2.4194464214211697
forest_l50_sqrt,3,5.796783962942074,9.205137468086734,0.20690606212457263,-2.72958211899991
forest_l50_sqrt,4,7.094943071587511,10.732518585336532,0.19710247636514266,-3.584608390753699
forest_l50_half,0,4.070196105865377,6.618355762425513,0.23756141340388492,-0.946439107065028
forest_l50_half,1,6.765577539597218,11.2023067420309,0.03811322725394983,-4.9126185370595294
forest_l50_half,2,5.397363012980524,9.011426553836914,0.17614451576290835,-2.656877480007492
forest_l50_half,3,5.865134605167228,9.401047624055307,0.1727884709765939,-3.330349353411798
forest_l50_half,4,7.044454637988584,10.822546174061939,0.1835760905643964,-3.755459033066864
boost_lr0.03_n200_l20,0,4.06259584728587,6.670856077740185,0.2254173007609689,-1.2199426861793101
boost_lr0.03_n200_l20,1,6.753625137394196,11.194801556456468,0.03940166196686101,-4.926361360140342
boost_lr0.03_n200_l20,2,5.4339747393299,9.10416091378091,0.159101084111948,-2.863298029880641
boost_lr0.03_n200_l20,3,5.8692095428941995,9.396981689923551,0.1735038508779274,-3.412473744675661
boost_lr0.03_n200_l20,4,6.995534180315877,10.74208774886804,0.19567010375537852,-3.9039537943030966
boost_lr0.03_n200_l100,0,4.0492428521286765,6.641030424798285,0.23232819452287412,-1.1898649264439907
boost_lr0.03_n200_l100,1,6.753224983024232,11.200162344452739,0.03848144967290812,-4.961496748065208
boost_lr0.03_n200_l100,2,5.4182573266269864,9.071738212834605,0.16507981542655692,-2.874286943314019
boost_lr0.03_n200_l100,3,5.887889068148795,9.42286688210008,0.16894419999520272,-3.472784114495114
boost_lr0.03_n200_l100,4,7.024280823009924,10.811129621379624,0.18529765040081692,-4.01515912181068
boost_lr0.03_n500_l20,0,4.188478074133396,6.810922260561892,0.19254840408775842,-1.4300175841974894
boost_lr0.03_n500_l20,1,6.783358659623879,11.23020315080887,0.03331660853274754,-5.02503883043952
boost_lr0.03_n500_l20,2,5.447671461723883,9.136560965877507,0.15310522150799688,-2.9793188861693047
boost_lr0.03_n500_l20,3,6.094252959586066,9.758455120670424,0.1086952696620328,-4.06188991427925
boost_lr0.03_n500_l20,4,6.98456482096549,10.750062697221885,0.19447538805445153,-3.9782263823030997
boost_lr0.03_n500_l100,0,4.152523799120202,6.7682891024531795,0.2026252984007496,-1.3721728866357914
boost_lr0.03_n500_l100,1,6.801624420096885,11.252658867178667,0.02944681725618592,-5.0875158104117135
boost_lr0.03_n500_l100,2,5.464116605502654,9.1485924484041,0.1508732857229409,-3.039135238943273
boost_lr0.03_n500_l100,3,6.127704546335555,9.782256924770293,0.10434201238639695,-4.139495811426612
boost_lr0.03_n500_l100,4,7.04677523352603,10.892070309529203,0.17305296916793167,-4.196226121187452
boost_lr0.1_n200_l20,0,4.25982101734538,6.892179129741421,0.17316707272535303,-1.494554018344021
boost_lr0.1_n200_l20,1,6.826587566027924,11.27079086996142,0.02631649018062887,-5.067389633220447
boost_lr0.1_n200_l20,2,5.476441066598443,9.15938947149671,0.1488678513827042,-3.0185410916669575
boost_lr0.1_n200_l20,3,6.164572176050609,9.822054075499896,0.09703957845181999,-4.18839592561555
boost_lr0.1_n200_l20,4,7.0324528069816825,10.868993307615579,0.17655335828291752,-4.140642629639158
boost_lr0.1_n200_l100,0,4.219686783181983,6.830523478400338,0.1878941712524017,-1.3650509766486925
boost_lr0.1_n200_l100,1,6.839656570660882,11.299214399840084,0.021399280774036522,-5.100301709142514
boost_lr0.1_n200_l100,2,5.479796665904435,9.179198965429821,0.14518229357793133,-3.0878541614732136
boost_lr0.1_n200_l100,3,6.21455204874519,9.865156213651453,0.08909726417688035,-4.2821024850779335
boost_lr0.1_n200_l100,4,7.085295660889004,10.973088700096577,0.16070507007783819,-4.308573383327238
boost_lr0.1_n500_l20,0,4.385948081624479,7.01886146829275,0.14249237155687833,-1.5050077760471583
boost_lr0.1_n500_l20,1,6.9310509041659145,11.352049812297905,0.012225960008451553,-5.1273094801175425
boost_lr0.1_n500_l20,2,5.559235757265988,9.243858026404714,0.13309706049104397,-3.1382984626819406
boost_lr0.1_n500_l20,3,6.449809508223789,10.162825057162111,0.03329720880358222,-4.6601855396770935
boost_lr0.1_n500_l20,4,7.100469084881656,10.979335620255165,0.15974918592010245,-4.283439369016282
boost_lr0.1_n500_l100,0,4.397889754007221,6.997624372307769,0.14767367375581375,-1.4423764354389923
boost_lr0.1_n500_l100,1,6.932127181340299,11.391417648439287,0.005363066593585097,-5.178886476973437
boost_lr0.1_n500_l100,2,5.5857541043179,9.288717741344955,0.12466262082129098,-3.1685118033440847
boost_lr0.1_n500_l100,3,6.470184591339866,10.1592557051756,0.03397613352618356,-4.65811059696867
boost_lr0.1_n500_l100,4,7.198013975237223,11.132922570114513,0.13607668008016605,-4.527190557071283
mean_baseline,0,5.1603989026236565,7.581320455778946,-0.00044762874090120697,-0.16036391728632216
mean_baseline,1,7.864091042174277,12.151339623476686,-0.131767844143736,-4.146199589434986
mean_baseline,2,6.755704756538634,10.208081044837519,-0.05718784452081893,-2.374214170602246
mean_baseline,3,7.3496584901632085,10.745049203505173,-0.08063962995476892,-2.935230601296557
mean_baseline,4,8.948619060553675,12.682883853844888,-0.12122520132883086,-4.170307191967298
route_baseline,0,4.3079847439871175,6.741982490389764,0.20881163648630863,-0.45169432335197857
route_baseline,1,6.998053645226435,11.346719463656589,0.013153359723545588,-4.520127941287922
route_baseline,2,5.758431168072279,9.254826481761604,0.13103856338948905,-2.186731103737852
route_baseline,3,6.147219801139234,9.618227244664132,0.13412711355986517,-3.1537853206932276
route_baseline,4,7.562748113355539,11.286233450251462,0.1121187630681264,-4.262806269371491
