candidate,algorithm,window,fit_orders,validation_orders,mae,rmse,r2,mean_signed_error
mean_baseline,mean,0,23664,7600,5.15632607331636,7.567500758878718,-0.00040057875808940935,-0.1514291427944445
mean_baseline,mean,1,30956,7601,7.863710362129131,12.150413421565398,-0.13159531903571242,-4.143484367692595
mean_baseline,mean,2,36165,7601,6.755657247875383,10.207809300984357,-0.05713155960824712,-2.3730455189861326
mean_baseline,mean,3,44982,7601,7.349523980908353,10.744638128220492,-0.08055694708608674,-2.933725413778553
mean_baseline,mean,4,52166,7600,8.948250770950498,12.682660163034718,-0.12126475354259014,-4.1708403316852
elapsed_plus_route_baseline,rule,0,23664,7600,3.4690186574636823,5.576592993111654,0.45674105563336787,-0.4060728331310406
elapsed_plus_route_baseline,rule,1,30956,7601,5.98788583991875,10.002942416862945,0.23305438380682608,-3.7867677179888943
elapsed_plus_route_baseline,rule,2,36165,7601,4.952711881101628,7.862271022563281,0.3728665538397019,-1.272357522410028
elapsed_plus_route_baseline,rule,3,44982,7601,5.374144494312369,8.447616287161697,0.3320677228036797,-1.8268611861558448
elapsed_plus_route_baseline,rule,4,52166,7600,6.735516446365206,10.090655238873877,0.2902160154007666,-2.687282340785534
linear_baseline,linear,0,23664,7600,3.369043086186806,5.444036085000746,0.48226088340715356,-0.020576077803904854
linear_baseline,linear,1,30956,7601,5.795174844758112,9.880761984010697,0.2516755977316777,-3.6494485734020707
linear_baseline,linear,2,36165,7601,4.687239025530138,7.857356427524749,0.37365033339227893,-1.8059611862797122
linear_baseline,linear,3,44982,7601,5.21707310522722,8.592131152366456,0.3090193776630311,-2.574274338330534
linear_baseline,linear,4,52166,7600,6.662524484103902,10.584825580136185,0.21899309878899076,-4.087481148513867
ridge_1,ridge,0,23664,7600,3.3666536802454425,5.44048696420473,0.48293572085194114,-0.01747056795881348
ridge_1,ridge,1,30956,7601,5.792290649209959,9.87900631297109,0.2519415073367469,-3.6473541188462186
ridge_1,ridge,2,36165,7601,4.686117412200725,7.855423032630044,0.3739585368626964,-1.8019242252539138
ridge_1,ridge,3,44982,7601,5.216330093529836,8.591304218174063,0.3091523756343827,-2.574655581528328
ridge_1,ridge,4,52166,7600,6.662854464189112,10.585655228434913,0.2188706619220121,-4.087966119457027
ridge_10,ridge,0,23664,7600,3.3509731761156756,5.423710740449701,0.4861196314028202,-0.010838770401387787
ridge_10,ridge,1,30956,7601,5.781961541313755,9.870366620246845,0.25324936547608035,-3.6403305853073875
ridge_10,ridge,2,36165,7601,4.677860728804284,7.840973356758208,0.3762595654020694,-1.7789366560670634
ridge_10,ridge,3,44982,7601,5.208873932268709,8.580306084820114,0.31092001668313174,-2.5569124181568674
ridge_10,ridge,4,52166,7600,6.660183436006567,10.582392017708782,0.21935218086335528,-4.086615098742022
ridge_100,ridge,0,23664,7600,3.319897652586167,5.399248161858809,0.4907446899125395,-0.014112665591482994
ridge_100,ridge,1,30956,7601,5.73890240648928,9.829745344974778,0.25938318904567015,-3.6182249390849877
ridge_100,ridge,2,36165,7601,4.638858541172463,7.7643832877424215,0.38838535704748844,-1.632560926319553
ridge_100,ridge,3,44982,7601,5.1649830502615055,8.507255453458493,0.322603386898909,-2.4182797179115605
ridge_100,ridge,4,52166,7600,6.630055864391311,10.530808815429149,0.2269440696570193,-4.0167824208035485
tree_baseline,tree,0,23664,7600,5.233822842044347,10.214803831483172,-0.8227581526156449,0.08750945875974658
tree_baseline,tree,1,30956,7601,7.1882700984763215,12.045787107151316,-0.11219105685028019,-3.578549438548534
tree_baseline,tree,2,36165,7601,6.329965044804046,11.301896570378046,-0.29588540698928667,-1.3398134017453844
tree_baseline,tree,3,44982,7601,7.042370401128993,11.279428093046766,-0.19079837418146273,-2.953170454240914
tree_baseline,tree,4,52166,7600,8.405450467531676,13.28226407306085,-0.22979204776202056,-3.8644121025219302
tree_depth6,tree,0,23664,7600,3.5602422480806615,5.803098357739503,0.41171354231767454,-0.17389691844041485
tree_depth6,tree,1,30956,7601,6.01960154097458,10.152305581733959,0.20997943822380993,-3.703503706017608
tree_depth6,tree,2,36165,7601,4.891600025255055,8.093054008962476,0.33550943388152243,-1.9954796110091935
tree_depth6,tree,3,44982,7601,5.329416835330895,8.583742273727589,0.31036798902945295,-2.024246628685902
tree_depth6,tree,4,52166,7600,6.766287386546476,10.535178789953957,0.22630234579423292,-3.5540303993652023
forest_leaf20,forest,0,23664,7600,3.5301458706150983,5.929186195440717,0.38587162261349417,-0.47379566259903916
forest_leaf20,forest,1,30956,7601,6.169825432931889,10.50801713332497,0.15364887393353688,-4.224163617619358
forest_leaf20,forest,2,36165,7601,4.933742779681328,8.265633047174397,0.3068676257617726,-1.8114983478694338
forest_leaf20,forest,3,44982,7601,5.315746867802469,8.694056034539308,0.29252851014389536,-2.467943286073561
forest_leaf20,forest,4,52166,7600,6.779527133466714,10.642097870663923,0.21051850157954866,-4.030694861351565
boost_baseline,boost,0,23664,7600,3.420142123982222,5.7564705485922385,0.42112930787033975,-0.41563413689388484
boost_baseline,boost,1,30956,7601,5.839838788409365,10.021311857451323,0.23023495382240844,-3.862392391361701
boost_baseline,boost,2,36165,7601,4.6735301333732275,7.819786685432073,0.3796257622332263,-1.7804638931984715
boost_baseline,boost,3,44982,7601,5.382645835707612,8.910100470688818,0.25693077394607944,-3.0145118890729723
boost_baseline,boost,4,52166,7600,6.7561192779655626,10.744997006087775,0.195177596552908,-4.161654225812964
boost_slow,boost,0,23664,7600,3.379005787024805,5.683262546415497,0.4357592778539411,-0.4565503063631518
boost_slow,boost,1,30956,7601,5.841280386799992,10.037401585008991,0.22776117540372764,-3.897559739368623
boost_slow,boost,2,36165,7601,4.67733722353441,7.842502940628179,0.3760161883819697,-1.775140215593257
boost_slow,boost,3,44982,7601,5.485270572282507,9.106183895637106,0.22386564769758133,-3.374692804648559
boost_slow,boost,4,52166,7600,6.693788213548042,10.65916689147963,0.20798394810825782,-4.161203758169107
voting_family_winners,voting,0,23664,7600,3.2998465956509118,5.473728765524806,0.47659781080244845,-0.21488157448445463
voting_family_winners,voting,1,30956,7601,5.7487507585020365,9.866619151828282,0.2538162933907374,-3.740303343238559
voting_family_winners,voting,2,36165,7601,4.608677332587528,7.744252513522172,0.39155272134837205,-1.7065497738517603
voting_family_winners,voting,3,44982,7601,5.21787678495108,8.660440801436536,0.2979887563642293,-2.71643031935976
voting_family_winners,voting,4,52166,7600,6.658265746839839,10.611101474609951,0.2151107246560009,-4.089302486279278
