purchase_month,mean_residual,count
2016-09,45.61241585524595,1
2016-10,0.4571986685488352,265
2016-12,-9.692626576722564,1
2017-01,-6.5938472590907935,750
2017-02,-2.0246768499293335,1653
2017-03,-0.6884522878996415,2546
2017-04,0.8396101261474377,2303
2017-05,-2.0449574377256545,3545
2017-06,-1.0422120647435802,3135
2017-07,-1.605563852468779,3872
2017-08,-1.932042519190805,4193
2017-09,-1.2732637359092054,4150
2017-10,-1.2526755261202738,4478
2017-11,2.071628653850687,7288
2017-12,1.9077959025866063,5513
2018-01,0.5151093181376175,7067
2018-02,3.330444508142625,6549
2018-03,3.0161607306822895,6994
2018-04,-1.933460582776805,6688
2018-05,-3.7850055095918225,4108
