model,period,orders,late,late_rate,roc_auc,pr_auc,pr_auc_over_rate,top10_lift,mean_predicted_risk,within_month_auc
logistic_base,test,19363.0,674.0,0.034808655683520116,0.6679838963334404,0.0651267024932204,1.870991602932087,1.957749219095882,0.09823360027294206,0.5822402817985868
logistic_base,validation_1,7601.0,310.0,0.04078410735429549,0.679558536596157,0.07377731277924482,1.8089721110807737,2.2553940061888005,0.03236054923771606,0.6696983247439072
logistic_base,validation_2,7601.0,1051.0,0.1382712800947244,0.6533212280561588,0.22308362441354831,1.6133764311773364,1.9292095257504582,0.03179522157456102,0.6442708995744264
logistic_base,validation_3,7601.0,363.0,0.04775687409551375,0.6225956213647439,0.07600442179199467,1.591486529038434,1.9260940548719787,0.026637672969442593,0.6261362140360955
logistic_base,validation_4,7601.0,754.0,0.09919747401657676,0.7185982243961323,0.23306740228771475,2.3495296084733686,2.861333509935622,0.04534503339286511,0.716284194754155
logistic_base,validation_5,7601.0,1576.0,0.20734113932377318,0.7105512142721738,0.39540572355577247,1.9070297618955752,2.48436801696939,0.0613752209226151,0.7066759181593654
logistic_climate,test,19363.0,674.0,0.034808655683520116,0.6790382574811538,0.06568370674254365,1.8869934920710276,1.9725806525738814,0.12031105220890854,0.5827540083269107
logistic_climate,validation_1,7601.0,310.0,0.04078410735429549,0.6749788736444844,0.07389128267398644,1.811766579370874,2.448713492433555,0.033246178563277155,0.6690319796710937
logistic_climate,validation_2,7601.0,1051.0,0.1382712800947244,0.6424431838815814,0.21268444826115346,1.538167926958161,1.8151675833415644,0.02923261913423949,0.6293261752189013
logistic_climate,validation_3,7601.0,363.0,0.04775687409551375,0.621933748802045,0.07276140882722354,1.5235798030185292,1.7059690200294666,0.020689138790972846,0.6192733017377567
logistic_climate,validation_4,7601.0,754.0,0.09919747401657676,0.7029721045713451,0.2137662228095317,2.1549563124340194,2.67587670836572,0.0433965809873768,0.7028143317325206
logistic_climate,validation_5,7601.0,1576.0,0.20734113932377318,0.6999033216083577,0.3840079464159688,1.8520586298907227,2.3829652407665574,0.06180561010345566,0.6951801625633097
xgboost_base,test,19363.0,674.0,0.034808655683520116,0.5748368619380193,0.053594112554925064,1.5396777468857774,1.7204462834478964,0.07906125683813332,0.5078534789066482
xgboost_base,validation_1,7601.0,310.0,0.04078410735429549,0.6505313665544352,0.06737166747059452,1.651909820787061,2.1909541774405494,0.025647325843801496,0.6506805819609331
xgboost_base,validation_2,7601.0,1051.0,0.1382712800947244,0.66812675677835,0.23315799782753882,1.6862359100733801,1.9387130209511996,0.028711494902852634,0.6579647067455853
xgboost_base,validation_3,7601.0,363.0,0.04775687409551375,0.6481616384904586,0.0805103892696846,1.6858387571318805,1.9811253135826068,0.024283971366030346,0.6511418988462827
xgboost_base,validation_4,7601.0,754.0,0.09919747401657676,0.7209517692311567,0.24199914680930817,2.4395696484052407,2.927568081924872,0.0490633407716723,0.7184964582316
xgboost_base,validation_5,7601.0,1576.0,0.20734113932377318,0.7076789814015207,0.36610178533250115,1.7656977603504704,2.034393197569322,0.060216312962925435,0.7089077716843419
xgboost_climate,test,19363.0,674.0,0.034808655683520116,0.5521338025049407,0.041880696112253236,1.2031690190230853,1.4683119143219117,0.0743487713057316,0.4952091695319999
xgboost_climate,validation_1,7601.0,310.0,0.04078410735429549,0.6578260427128453,0.06772931911504797,1.660679208366063,1.9331948624475435,0.03562010899935995,0.6595074525950765
xgboost_climate,validation_2,7601.0,1051.0,0.1382712800947244,0.613937144558799,0.19758758159896733,1.4289849740568512,1.5395662225200704,0.03710897524620337,0.5941806486327839
xgboost_climate,validation_3,7601.0,363.0,0.04775687409551375,0.589063726262601,0.0669290755440784,1.4014542788169144,1.7059690200294666,0.03281115913609137,0.5905313502321796
xgboost_climate,validation_4,7601.0,754.0,0.09919747401657676,0.6918884299073458,0.22656585274988184,2.2839881256655863,2.7686051091506707,0.020215223906468,0.6940755161522154
xgboost_climate,validation_5,7601.0,1576.0,0.20734113932377318,0.6870476230595869,0.3724964757100092,1.7965391572790483,2.2815624645637254,0.04350008059202607,0.6860862981237188
logistic_base,validation_pooled,38005.0,4054.0,0.10667017497697671,0.7145443125853757,0.25688337731828736,2.4082024555948474,2.9103225892700584,0.03950273961943998,0.6862333228759151
logistic_climate,validation_pooled,38005.0,4054.0,0.10667017497697671,0.704659859270471,0.24739927497497377,2.3192919204301625,2.809201211168302,0.03767402551586439,0.6725172569745169
xgboost_base,validation_pooled,38005.0,4054.0,0.10667017497697671,0.7201844929393223,0.246610598109975,2.311898317999408,2.930053589875279,0.03758448916945644,0.6924967800983712
xgboost_climate,validation_pooled,38005.0,4054.0,0.10667017497697671,0.657833243437679,0.20122993178827445,1.8864685637921486,2.340589946794309,0.033851109576029756,0.6358208358247909
logistic_base,validation_mean,,,,0.6769249649370732,0.200267696965655,1.8540788883330976,2.29127982274325,0.039502739619439974,0.6726131102535898
logistic_climate,validation_mean,,,,0.6684462465015627,0.19142226179757277,1.7761058503344613,2.205738408987373,0.03767402551586439,0.6631251901847165
xgboost_base,validation_mean,,,,0.6790901024911842,0.19782819734192544,1.8458503793496064,2.21455075829371,0.03758448916945644,0.6774382834937487
xgboost_climate,validation_mean,,,,0.6479525933002356,0.18626166094359695,1.7143291488368928,2.0457795357422954,0.033851109576029756,0.6448762531471949
