month,orders,late_share,mean_buffer_level
2016-09,1,1.0,
2016-10,265,0.007547169811320755,
2016-12,1,0.0,
2017-01,750,0.029333333333333333,
2017-02,1653,0.029643073200241985,
2017-03,2546,0.04556166535742341,
2017-04,2303,0.06556665219279201,
2017-05,3545,0.029901269393511988,
2017-06,3135,0.030303030303030304,
2017-07,3872,0.027892561983471075,
2017-08,4193,0.02909611256856666,
2017-09,4150,0.04385542168674699,0.9382833222479096
2017-10,4478,0.041759714158106295,0.962891882833759
2017-11,7288,0.12403951701427003,0.9686555310543907
2017-12,5513,0.07455106112824234,0.9818814229649827
2018-01,7069,0.05700947800254633,0.9919124571764842
2018-02,6555,0.14126620900076278,0.975751395528618
2018-03,7003,0.18963301442239042,0.9546540539886235
2018-04,6798,0.04501323918799647,
2018-05,6749,0.06563935397836716,0.8958213087185595
2018-06,6096,0.011646981627296589,0.880877811461689
2018-07,6156,0.03378817413905133,0.8579080581063251
2018-08,6351,0.061880018894662256,0.8781390237362555
