month,orders,late_share
2016-09,1,1.0
2016-10,260,0.007692307692307693
2016-12,1,0.0
2017-01,746,0.029490616621983913
2017-02,1651,0.029678982434887948
2017-03,2545,0.04557956777996071
2017-04,2303,0.06556665219279201
2017-05,3544,0.029909706546275394
2017-06,3134,0.030312699425654115
2017-07,3858,0.027993779160186624
2017-08,4190,0.029116945107398567
2017-09,4149,0.043624969872258376
2017-10,4478,0.041759714158106295
2017-11,7288,0.12403951701427003
2017-12,5513,0.07455106112824234
2018-01,7069,0.05700947800254633
2018-02,6555,0.14126620900076278
2018-03,7002,0.18966009711510998
2018-04,6791,0.04505963775585334
2018-05,6719,0.06593243042119364
2018-06,6050,0.011570247933884297
2018-07,6119,0.03382905703546331
2018-08,6306,0.06232159847764034
