stage,removed,columns,test_roc_auc,test_ap_over_rate,test_top10_lift,delta_roc_vs_full,delta_ap_ratio_vs_full,delta_top10_lift_vs_full
checkout,promised_days,promised_days,0.6668359480250923,1.869868183095834,1.9429177856178832,-0.001147948308348079,-0.0011234198362530812,-0.014831433477998868
checkout,promise_slack,promise_slack,0.6661548002736657,1.8673390990081706,1.9725806525738814,-0.0018290960597746597,-0.0036525039239163615,0.014831433477999312
checkout,route_typical_days,route_typical_days,0.6736097163106942,1.9147891805245432,1.9725806525738814,0.005625819977253865,0.04379757759245617,0.014831433477999312
checkout,seller_ship_days,seller_ship_days,0.6482937248826767,1.8384626623799774,1.8835920517058868,-0.019690171450763683,-0.03252894055210964,-0.07415716738999523
checkout,distance_km,distance_km,0.6811232205808873,1.9130123838226045,1.957749219095882,0.013139324247446904,0.04202078089051753,0.0
checkout,same_state,same_state,0.666004916013212,1.865452767911661,1.9132549186618848,-0.001978980320228363,-0.005538835020425958,-0.04449430043399727
checkout,n_items,n_items,0.670834158305406,1.8589433533245454,1.9874120860518807,0.002850261971965695,-0.012048249607541583,0.029662866955998624
checkout,n_products,n_products,0.6669605075614544,1.869184366832698,1.9725806525738814,-0.0010233887719859336,-0.0018072360993890424,0.014831433477999312
checkout,n_sellers,n_sellers,0.6663939958651632,1.863702732581494,1.9725806525738814,-0.0015899004682771167,-0.007288870350592891,0.014831433477999312
checkout,total_price,total_price,0.6664240044723939,1.8672341223093898,1.928086352139884,-0.0015598918610464363,-0.003757480622697207,-0.029662866955997957
checkout,total_freight,total_freight,0.6732901802151824,1.8934290846336777,1.9874120860518807,0.0053062838817420355,0.022437481701590656,0.029662866955998624
checkout,total_weight_g,total_weight_g,0.668397427643135,1.874548175494285,1.9725806525738814,0.0004135313096946813,0.0035565725621979905,0.014831433477999312
checkout,total_volume_cm3,total_volume_cm3,0.6674586663190537,1.8752807265754166,1.9874120860518807,-0.0005252300143866462,0.004289123643329562,0.029662866955998624
checkout,max_installments,max_installments,0.6678467935168072,1.8722317688548733,2.0022435195298796,-0.00013710281663315005,0.001240165922786307,0.04449430043399749
checkout,customer_state,customer_state,0.6529938825310688,1.8629356299499946,2.017074953007879,-0.014990013802371527,-0.008055972982092374,0.0593257339119968
checkout,seller_state,seller_state,0.6690072851054262,1.8685713272621485,1.9429177856178832,0.0010233887719858226,-0.002420275669938521,-0.014831433477998868
checkout,product_category,product_category,0.6715939794160006,1.8949408917439765,1.957749219095882,0.003610083082560278,0.023949288811889513,0.0
checkout,payment_type,payment_type,0.6651477653987421,1.8562822189271053,1.957749219095882,-0.0028361309346982555,-0.014709384004981674,0.0
checkout,promise_bundle,"promised_days,promise_slack",0.4628501381269199,0.9595366500895214,1.0085374765039394,-0.20513375820652047,-0.9114549528425656,-0.9492117425919426
checkout,payment_bundle,"payment_type,max_installments",0.6653021747666354,1.8526180146118623,1.9429177856178832,-0.0026817215668049066,-0.018373588320224732,-0.014831433477998868
handover,promised_days,promised_days,0.8042275921307201,5.941904943410378,3.973214285714285,-0.00032258902591109084,-0.008628165793774123,0.08928571428571352
handover,promise_slack,promise_slack,0.8043797855115751,5.888724381726532,3.9583333333333335,-0.000170395645056165,-0.06180872747762045,0.07440476190476186
handover,route_typical_days,route_typical_days,0.8133834913963429,6.512531619367032,4.211309523809524,0.008833310239711678,0.5619985101628799,0.3273809523809521
handover,seller_ship_days,seller_ship_days,0.8041036242873053,5.919787525740464,3.8839285714285716,-0.0004465568693259314,-0.030745583463688497,0.0
handover,distance_km,distance_km,0.8137856251186756,5.988259815404498,3.8839285714285716,0.009235443962044343,0.03772670620034546,0.0
handover,same_state,same_state,0.8035605232501449,5.933383637458741,3.9434523809523805,-0.0009896579064863076,-0.017149471745411482,0.05952380952380887
handover,n_items,n_items,0.8057206589123419,6.021575861978324,4.017857142857142,0.0011704777557106638,0.07104275277417127,0.13392857142857073
handover,n_products,n_products,0.8044495474933157,5.945681665505828,3.8839285714285716,-0.00010063366331558576,-0.004851443698324687,0.0
handover,n_sellers,n_sellers,0.8041748296203921,5.951729665763107,3.9136904761904754,-0.0003753515362391324,0.0011965565589546756,0.029761904761903768
handover,total_price,total_price,0.8045063193129391,5.963986497621047,3.9434523809523805,-4.386184369209456e-05,0.013453388416894363,0.05952380952380887
handover,total_freight,total_freight,0.808758512565496,6.1149710790152945,4.166666666666666,0.004208331408864785,0.164437969811142,0.28273809523809446
handover,total_weight_g,total_weight_g,0.8048172011557075,5.971115691436412,3.9880952380952372,0.00026701999907630114,0.02058258223225984,0.10416666666666563
handover,total_volume_cm3,total_volume_cm3,0.8041375430439447,5.954467912858508,3.8988095238095237,-0.0004126381126865475,0.003934803654355612,0.014880952380952106
handover,max_installments,max_installments,0.8042151632719043,5.955769978638503,3.9285714285714284,-0.00033501788472689586,0.005236869434350311,0.04464285714285676
handover,days_left_at_handover,days_left_at_handover,0.8037839219640868,5.9335129617859,3.9136904761904754,-0.0007662591925444717,-0.017020147418252307,0.029761904761903768
handover,customer_state,customer_state,0.7993435317332019,6.19285807987283,3.7797619047619047,-0.005206649423429299,0.24232497066867786,-0.10416666666666696
handover,seller_state,seller_state,0.8061247972893222,5.9476272697514005,3.8690476190476186,0.0015746161326909425,-0.0029058394527519127,-0.014880952380952994
handover,product_category,product_category,0.8059609769115105,5.999975865164279,4.017857142857142,0.001410795754879235,0.04944275596012648,0.13392857142857073
handover,payment_type,payment_type,0.8042801140824904,5.949526645491046,3.9583333333333335,-0.00027006707414078956,-0.0010064637131064202,0.07440476190476186
handover,promise_bundle,"promised_days,promise_slack,days_left_at_handover",0.625939701912665,2.7247629110640363,2.083333333333333,-0.17861047924396622,-3.225770198140116,-1.8005952380952386
handover,payment_bundle,"payment_type,max_installments",0.8043166789832649,5.967170716849827,3.9285714285714284,-0.00023350217336637336,0.016637607645674457,0.04464285714285676
