stage,period,orders,late,late_rate,pr_auc,ap_over_rate,roc_auc,mean_predicted,reviewed_at_5,late_found_at_5,precision_at_5,recall_at_5,lift_at_5,reviewed_at_10,late_found_at_10,precision_at_10,recall_at_10,lift_at_10
checkout,validation_1,7600,309,0.04065789473684211,0.07388104924252444,1.8171390752206655,0.6816818536307785,0.0323635773846668,380,35,0.09210526315789473,0.11326860841423948,2.2653721682847894,760,70,0.09210526315789473,0.22653721682847897,2.2653721682847894
checkout,validation_2,7601,1051,0.1382712800947244,0.22308362441354831,1.6133764311773364,0.6533212280561588,0.03179522157456102,381,111,0.29133858267716534,0.10561370123691723,2.1070071997422772,761,203,0.266754270696452,0.19314938154138916,1.9292095257504582
checkout,validation_3,7601,363,0.04775687409551375,0.07600442179199467,1.591486529038434,0.6225956213647439,0.026637672969442593,381,43,0.11286089238845144,0.1184573002754821,2.363238686073332,761,70,0.09198423127463863,0.1928374655647383,1.9260940548719787
checkout,validation_4,7601,754,0.09919747401657676,0.23306740228771475,2.3495296084733686,0.7185982243961323,0.04534503339286511,381,128,0.3359580052493438,0.16976127320954906,3.386759678912815,761,216,0.28383705650459923,0.2864721485411141,2.861333509935622
checkout,validation_5,7601,1576,0.20734113932377318,0.39540572355577247,1.9070297618955752,0.7105512142721738,0.0613752209226151,381,204,0.5354330708661418,0.12944162436548223,2.5823773931811824,761,392,0.5151116951379764,0.24873096446700507,2.48436801696939
checkout,test,19230,672,0.03494539781591264,0.06559454368525205,1.8770581474217216,0.6687329043051643,0.09817050410719853,962,85,0.08835758835758836,0.12648809523809523,2.5284470596970596,1923,133,0.06916276651066043,0.19791666666666666,1.9791666666666667
approval,validation_1,7600,309,0.04065789473684211,0.07650506113031957,1.8816778789334263,0.6867277518632495,0.03236880003168313,380,34,0.08947368421052632,0.11003236245954692,2.2006472491909386,760,68,0.08947368421052632,0.22006472491909385,2.2006472491909386
approval,validation_2,7601,1051,0.1382712800947244,0.22701790220939422,1.6418297570824028,0.6578026016661704,0.03233571552260462,381,106,0.2782152230971129,0.10085632730732635,2.0120969655196523,761,207,0.2720105124835742,0.19695528068506185,1.967223506553423
approval,validation_3,7601,363,0.04775687409551375,0.0858814576142087,1.7983056730732794,0.6288600034863443,0.026709648349013397,381,42,0.11023622047244094,0.11570247933884298,2.308279646862324,761,71,0.09329829172141918,0.19559228650137742,1.9536096842272925
approval,validation_4,7599,754,0.09922358205026978,0.23271897566576963,2.3453998621806145,0.7194461290453835,0.04576384233028962,380,122,0.32105263157894737,0.16180371352785147,3.235648471310903,760,218,0.2868421052631579,0.2891246684350133,2.890866257154823
approval,validation_5,7601,1576,0.20734113932377318,0.39813916313572,1.9202130577376952,0.7104358952756071,0.060762910311814924,381,207,0.5433070866141733,0.1313451776649746,2.6203535313162,761,378,0.4967148488830486,0.2398477157360406,2.395640587791912
approval,test,19196,671,0.034955198999791624,0.06773662187997219,1.9378125091027514,0.6691002411451075,0.09840637926015712,960,85,0.08854166666666667,0.12667660208643816,2.533004222553403,1920,134,0.06979166666666667,0.19970193740685543,1.9966033283656235
handover,validation_1,7600,309,0.04065789473684211,0.32578575885264355,8.012853615793174,0.8153741878869146,0.0394860155119228,380,115,0.3026315789473684,0.37216828478964403,7.443365695792879,760,149,0.19605263157894737,0.48220064724919093,4.822006472491909
handover,validation_2,7601,1051,0.1382712800947244,0.3891079714188022,2.8140910473399767,0.7340768878785018,0.042722446961429995,381,200,0.5249343832020997,0.19029495718363462,3.7964093689050045,761,335,0.44021024967148487,0.31874405328258804,3.1836708922482932
handover,validation_3,7601,363,0.04775687409551375,0.25928831605188485,5.429340193692498,0.7175554941512388,0.030220225284957852,381,100,0.26246719160104987,0.27548209366391185,5.495903921100772,761,127,0.16688567674113008,0.349862258953168,3.4944849281248755
handover,validation_4,7601,754,0.09919747401657676,0.33625001057153286,3.3897033559074554,0.7648893840707018,0.048560393808807285,381,169,0.4435695538057743,0.22413793103448276,4.471581138564576,761,277,0.3639947437582129,0.3673740053050398,3.669395288204478
handover,validation_5,7601,1576,0.20734113932377318,0.44912725908053086,2.166127091542586,0.7327879815489605,0.06280500098379481,381,237,0.6220472440944882,0.15038071065989847,3.0001149126663735,761,402,0.5282522996057819,0.2550761421319797,2.5477447520961602
handover,test,19230,672,0.03494539781591264,0.20794374671789864,5.9505331092041525,0.8045501811566312,0.10286131741935571,962,174,0.18087318087318088,0.25892857142857145,5.175879863379864,1923,261,0.1357254290171607,0.38839285714285715,3.8839285714285716
