stage,fit,fit_orders,train_late_rate,eval_orders,eval_late_rate,mean_predicted
checkout,validation_1,23695,0.031103608356193288,7601,0.04078410735429549,0.03236054923771606
checkout,validation_2,30987,0.03272340013554071,7601,0.1382712800947244,0.03179522157456102
checkout,validation_3,36197,0.03342818465618698,7601,0.04775687409551375,0.026637672969442593
checkout,validation_4,45014,0.050406540187497226,7601,0.09919747401657676,0.04534503339286511
checkout,validation_5,52198,0.049657074983715854,7601,0.20734113932377318,0.0613752209226151
checkout,final,75099,0.0710262453561299,19363,0.034808655683520116,0.09823360027294206
approval,validation_1,23671,0.031135144269359132,7601,0.04078410735429549,0.03236569403215544
approval,validation_2,30963,0.03274876465458773,7601,0.1382712800947244,0.03233571552260462
approval,validation_3,36173,0.033450363530810275,7601,0.04775687409551375,0.026709648349013397
approval,validation_4,44990,0.05043342965103356,7599,0.09922358205026978,0.04576384233028962
approval,validation_5,52172,0.04968182166679445,7601,0.20734113932377318,0.060762910311814924
approval,final,75058,0.07106504303338751,19329,0.03481814889544208,0.0984603655139897
handover,validation_1,23672,0.031133828996282528,7600,0.04065789473684211,0.0394860155119228
handover,validation_2,30964,0.032747707014597595,7601,0.1382712800947244,0.042722446961429995
handover,validation_3,36173,0.03342271860227242,7601,0.04775687409551375,0.030220225284957852
handover,validation_4,44990,0.0504112024894421,7601,0.09919747401657676,0.048560393808807285
handover,validation_5,52174,0.049660750565415725,7601,0.20734113932377318,0.06280500098379481
handover,final,75048,0.0710611875066624,19230,0.03494539781591264,0.10286131741935571
