stage,target,period,orders,late,late_rate,pr_auc,ap_over_rate,roc_auc,mean_predicted,reviewed_at_5,late_found_at_5,precision_at_5,recall_at_5,lift_at_5,reviewed_at_10,late_found_at_10,precision_at_10,recall_at_10,lift_at_10
checkout,late_more_than_3,validation_1,7601,207,0.027233258781739246,0.051924485481515945,1.9066570731642642,0.6808837038517979,0.022776813702156434,381,25,0.06561679790026247,0.12077294685990338,2.409436139323164,761,51,0.06701708278580815,0.2463768115942029,2.4608543297339502
checkout,late_more_than_3,validation_2,7601,764,0.10051309038284437,0.1869044168213658,1.859503235941363,0.6923132294483283,0.021972030631914826,381,89,0.2335958005249344,0.11649214659685864,2.3240336122906102,761,166,0.21813403416557162,0.21727748691099477,2.170205227346217
checkout,late_more_than_3,validation_3,7601,269,0.03539008025259834,0.060430175211745575,1.7075455828419261,0.6393646428448295,0.019365594799044483,381,25,0.06561679790026247,0.09293680297397769,1.8541014157616915,761,54,0.07095926412614981,0.20074349442379183,2.005060842464181
checkout,late_more_than_3,validation_4,7601,561,0.07380607814761216,0.19217440418258777,2.603774770395454,0.7269003960055096,0.03139942827174986,381,108,0.28346456692913385,0.1925133689839572,3.840666975451598,761,181,0.2378449408672799,0.3226381461675579,3.2225657674370667
checkout,late_more_than_3,validation_5,7601,1221,0.16063675832127353,0.3367283446333001,2.096209785059553,0.7213638545926947,0.04241309352363583,381,171,0.44881889763779526,0.14004914004914004,2.793998723132581,761,324,0.42575558475689884,0.26535626535626533,2.650424406009163
checkout,late_more_than_3,test,19363,375,0.019366833651810154,0.04454670041352197,2.300154026952069,0.6648245207499474,0.07284480052725592,969,55,0.05675954592363261,0.14666666666666667,2.9307602339181282,1937,89,0.04594734124935467,0.23733333333333334,2.3724756496300117
checkout,late_more_than_7,validation_1,7601,124,0.016313642941718196,0.02718515115399139,1.6664059187216818,0.6543744903726265,0.013133032665615984,381,10,0.026246719160104987,0.08064516129032258,1.6088815510964354,761,25,0.0328515111695138,0.20161290322580644,2.0137446483828576
checkout,late_more_than_7,validation_2,7601,505,0.06643862649651362,0.13515000609208086,2.0342083095166466,0.7093752441760524,0.012027806863765894,381,61,0.16010498687664043,0.12079207920792079,2.4098178321769184,761,115,0.15111695137976347,0.22772277227722773,2.2745345493813507
checkout,late_more_than_7,validation_3,7601,175,0.023023286409682937,0.042958174210449326,1.865857612420716,0.6711392405063292,0.012057638847779517,381,17,0.04461942257217848,0.09714285714285714,1.938012748406449,761,34,0.04467805519053877,0.19428571428571428,1.9405594143044866
checkout,late_more_than_7,validation_4,7601,338,0.044467833179844755,0.12347709791524482,2.776773435662059,0.7301154347193808,0.019117691988446418,381,62,0.16272965879265092,0.1834319526627219,3.6594915280560345,761,107,0.14060446780551905,0.3165680473372781,3.161936567425297
checkout,late_more_than_7,validation_5,7601,814,0.10709117221418235,0.28166609805763043,2.630152348078684,0.7555027334016579,0.02546442752511408,381,151,0.3963254593175853,0.1855036855036855,3.7008228701142083,761,260,0.3416557161629435,0.3194103194103194,3.190325673899918
checkout,late_more_than_7,test,19363,160,0.008263182358105666,0.020002684392871117,2.4206998618697715,0.6658949773472894,0.04631532689695517,969,27,0.02786377708978328,0.16875,3.37203947368421,1937,44,0.022715539494062985,0.275,2.749006195147135
handover,late_more_than_3,validation_1,7600,206,0.027105263157894736,0.31461149000762123,11.607025844941367,0.8244391280256098,0.0275350469716572,380,85,0.2236842105263158,0.41262135922330095,8.25242718446602,760,109,0.14342105263157895,0.529126213592233,5.29126213592233
handover,late_more_than_3,validation_2,7601,764,0.10051309038284437,0.3545360064004519,3.5272620217929775,0.7659662124856512,0.02993630399746755,381,166,0.4356955380577428,0.21727748691099477,4.334714377980239,761,265,0.34822601839684625,0.3468586387434555,3.4644842484743825
handover,late_more_than_3,validation_3,7601,269,0.03539008025259834,0.24965573810436623,7.054398755878393,0.7404092058643985,0.022426136580652782,381,81,0.2125984251968504,0.30111524163568776,6.0072885870678805,761,99,0.13009198423127463,0.3680297397769517,3.675944877850998
handover,late_more_than_3,validation_4,7601,561,0.07380607814761216,0.3001961274240418,4.067363216666919,0.7729351502997893,0.033389578879004615,381,142,0.37270341207349084,0.2531194295900178,5.0497658380937684,761,212,0.278580814717477,0.3778966131907308,3.7744969209760115
handover,late_more_than_3,validation_5,7601,1221,0.16063675832127353,0.3917824734346417,2.4389341364264627,0.7449292552740828,0.04276894378430875,381,199,0.5223097112860893,0.16298116298116297,3.2514955900782674,761,343,0.4507227332457293,0.2809172809172809,2.805850528583774
handover,late_more_than_3,test,19230,374,0.019448777951118046,0.16725649838632628,8.599846160345065,0.8050945925097389,0.07601090883523909,962,122,0.12681912681912683,0.32620320855614976,6.520673285379168,1923,171,0.08892355694227769,0.4572192513368984,4.572192513368983
handover,late_more_than_7,validation_1,7600,124,0.01631578947368421,0.24170108592855152,14.813937524653157,0.7919039852258409,0.015812094903208913,380,52,0.1368421052631579,0.41935483870967744,8.387096774193548,760,63,0.08289473684210526,0.5080645161290323,5.080645161290322
handover,late_more_than_7,validation_2,7601,505,0.06643862649651362,0.2926775730357826,4.405232143851452,0.7880574190451739,0.017132175781719192,381,121,0.31758530183727035,0.2396039603960396,4.780130453990281,761,183,0.240473061760841,0.36237623762376237,3.6194767177111924
handover,late_more_than_7,validation_3,7601,175,0.023023286409682937,0.20129884943514695,8.743271740323154,0.7643645877419107,0.014428179586487741,381,52,0.13648293963254593,0.29714285714285715,5.928038995125609,761,62,0.08147174770039421,0.35428571428571426,3.538667167261122
handover,late_more_than_7,validation_4,7601,338,0.044467833179844755,0.2139282351503486,4.810853595792307,0.7783655831982969,0.020226432376878566,381,91,0.2388451443569554,0.2692307692307692,5.371189178275793,761,125,0.164257555847569,0.3698224852071006,3.6938511301697394
handover,late_more_than_7,validation_5,7601,814,0.10709117221418235,0.3266895166210611,3.0505737295290976,0.7740555093582943,0.02546476341047092,381,172,0.45144356955380577,0.2113022113022113,4.215506845428105,761,289,0.3797634691195795,0.35503685503685506,3.5461696913733705
handover,late_more_than_7,test,19230,160,0.008320332813312533,0.08219663640871104,9.879008238371958,0.7606256554798112,0.0486394692338069,962,43,0.0446985446985447,0.26875,5.372206340956341,1923,64,0.033281331253250133,0.4,4.0
