stage,month,orders,late,late_rate,pr_auc,ap_over_rate,roc_auc,mean_predicted,reviewed_at_5,late_found_at_5,precision_at_5,recall_at_5,lift_at_5,reviewed_at_10,late_found_at_10,precision_at_10,recall_at_10,lift_at_10,pr_auc_low,pr_auc_high,ap_over_rate_low,ap_over_rate_high,roc_auc_low,roc_auc_high,precision_at_5_low,precision_at_5_high,recall_at_5_low,recall_at_5_high,lift_at_5_low,lift_at_5_high,precision_at_10_low,precision_at_10_high,recall_at_10_low,recall_at_10_high,lift_at_10_low,lift_at_10_high
checkout,2018-06,6096,71,0.011646981627296589,0.059877200141519954,5.141005803700079,0.7608602653263983,0.05663295147852942,305,20,0.06557377049180328,0.28169014084507044,5.630108519972293,610,23,0.03770491803278689,0.323943661971831,3.237312398984068,0.03467774926072503,0.11284718632364726,3.1093793902218,10.125382561305496,0.7058336159052502,0.8141935795147516,0.03934426229508197,0.09508196721311475,0.1774193548387097,0.3944028755868544,3.546060285563194,7.882885015008079,0.02459016393442623,0.05573770491803279,0.2222222222222222,0.4464747536945813,2.2207650273224044,4.461819833642897
checkout,2018-07,6156,208,0.03378817413905133,0.06344231268802926,1.8776484466707122,0.6341126299725828,0.11461386734884747,308,25,0.08116883116883117,0.1201923076923077,2.402285214785215,616,48,0.07792207792207792,0.23076923076923078,2.3061938061938063,0.049577576772343694,0.08890924071053978,1.5194381614138863,2.5925987884119834,0.5954670710020549,0.6725508225545838,0.05519480519480519,0.11363636363636363,0.0802132731308647,0.16756756756756758,1.6032237317974127,3.3491751491751494,0.056818181818181816,0.09906655844155841,0.17702684742158428,0.2932692307692308,1.7691189492325858,2.930787962037962
checkout,2018-08,6351,393,0.061880018894662256,0.07445517398132513,1.2032183459424832,0.5219543590545181,0.1313437174356141,318,33,0.10377358490566038,0.08396946564885496,1.6770128186662827,636,47,0.07389937106918239,0.11959287531806616,1.1942364011714437,0.06189703282680393,0.09613694064865544,1.037392136935406,1.5218317080945243,0.49605619909191606,0.5489725774193758,0.07232704402515723,0.13836477987421383,0.057970101850837806,0.10805237427447313,1.1577613737568266,2.157989399425091,0.05345911949685535,0.09433962264150944,0.08888341543513957,0.1493859380267876,0.8875763701707099,1.491745428314667
approval,2018-06,6094,71,0.011650804069576633,0.059586960342471414,5.114407553901701,0.7601190740658461,0.0562296452729629,305,20,0.06557377049180328,0.28169014084507044,5.628261371507735,610,24,0.03934426229508197,0.3380281690140845,3.376956822904641,0.033590973932237304,0.111177551359456,3.1013868235157167,9.691185250870868,0.7044661674719956,0.8150280348999,0.03934426229508197,0.09508196721311475,0.18568681318681318,0.39395006402048655,3.7100834083948837,7.871251443084738,0.02459016393442623,0.05573770491803279,0.2321085164835165,0.4557323688969258,2.318802130246802,4.552841075504699
approval,2018-07,6130,208,0.033931484502446985,0.06396976776345348,1.8852628672594702,0.6311683293066273,0.11625308915462314,307,25,0.08143322475570032,0.1201923076923077,2.399931094963668,613,48,0.07830342577487764,0.23076923076923078,2.3076923076923075,0.050936798856985585,0.09030789159167628,1.5324027684314594,2.673032427114854,0.5906226750360491,0.6696587026988366,0.05211726384364821,0.11400651465798045,0.07766990291262135,0.16666666666666666,1.5508680939881725,3.327904451682953,0.058686786296900495,0.10114192495921696,0.1793366074990028,0.28766334463650645,1.793366074990028,2.8766334463650645
approval,2018-08,6345,392,0.06178092986603625,0.07788560080773069,1.2606738191965592,0.5254304980853419,0.1309366576073876,318,31,0.09748427672955975,0.07908163265306123,1.5779023873700424,635,47,0.07401574803149606,0.11989795918367346,1.1980355134179657,0.06396805134467735,0.0986903382910793,1.052627296154831,1.5658609705350441,0.49835356973200656,0.5528438549517434,0.0660377358490566,0.1320754716981132,0.05485603608843895,0.1056863964924754,1.094533172896683,2.1087427224677877,0.05511811023622047,0.09606299212598425,0.08888273314866113,0.15151940755873342,0.8881274674460706,1.514001009386084
handover,2018-06,6050,70,0.011570247933884297,0.12989316940019446,11.226481069588237,0.79775441949355,0.04969389461696405,303,26,0.0858085808580858,0.37142857142857144,7.4163130598774165,605,29,0.047933884297520664,0.4142857142857143,4.142857142857143,0.06684868215994699,0.22427699131198894,6.082371039529311,19.568401679915652,0.7462539102655509,0.8488328941727398,0.056105610561056105,0.12211221122112212,0.2686304393525331,0.4929625699401891,5.3637430959829215,9.84298200705658,0.03140495867768595,0.06611570247933884,0.29850091647028015,0.5333561643835616,2.985009164702802,5.3335616438356155
handover,2018-07,6119,207,0.03382905703546331,0.3076777624168136,9.095073566321172,0.789886940832696,0.12406838749103216,306,76,0.24836601307189543,0.3671497584541063,7.341795333270185,612,100,0.16339869281045752,0.4830917874396135,4.830128508730384,0.2472563213291227,0.37036538656689416,7.205508540659103,11.381605832542988,0.7537862976850442,0.82177632000379,0.19934640522875818,0.29411764705882354,0.30258893762183237,0.422890355912744,6.050789899699321,8.456425123627714,0.13398692810457516,0.1895424836601307,0.4084507042253521,0.539620970390878,4.083839639142042,5.395327970297029
handover,2018-08,6306,393,0.06232159847764034,0.17400678622234347,2.7920783560256943,0.7338856162447085,0.14340365591647347,316,64,0.20253164556962025,0.1628498727735369,3.249782587689632,631,100,0.15847860538827258,0.2544529262086514,2.5429162482912133,0.14226383297533393,0.2079166754631425,2.325101503785383,3.33467273254688,0.7123231970980233,0.7572254297107378,0.15822784810126583,0.25949367088607594,0.13118511487071038,0.19859183235971917,2.6178902986541126,3.9630382748746484,0.12995245641838352,0.18858954041204437,0.2152207702760559,0.29640650208517244,2.1508433872596013,2.9621860572885854
