window,feature,coefficient
0,hour__hour_sin,-0.1479138552006779
0,hour__hour_cos,0.0550682843252909
0,numeric__promised_days,1.9845313755479308
0,numeric__promise_slack,-0.3948951841404687
0,numeric__route_typical_days,-1.1107924672088227
0,numeric__seller_ship_days,0.7164968451479461
0,numeric__same_state,-0.7426610301663263
0,numeric__n_items,-0.3808158986674054
0,numeric__n_products,-0.15628707672414147
0,numeric__n_sellers,-0.327034809994343
0,numeric__max_installments,0.03325123512571173
0,logged__distance_km,0.9179462691423573
0,logged__total_price,0.10653716965855219
0,logged__total_freight,0.6707737809966284
0,logged__total_weight_g,0.18502203423638158
0,logged__total_volume_cm3,-0.21121338826237446
0,category__customer_state_AC,0.5263831837191354
0,category__customer_state_AL,4.627743190095019
0,category__customer_state_AM,1.321878164446998
0,category__customer_state_AP,1.6489505434261509
0,category__customer_state_BA,2.222061269636744
0,category__customer_state_CE,2.06341764973356
0,category__customer_state_DF,-2.5972875162839157
0,category__customer_state_ES,-1.8428422049464341
0,category__customer_state_GO,-0.8880360700615447
0,category__customer_state_MA,0.9359449541976236
0,category__customer_state_MG,-3.95712130178415
0,category__customer_state_MS,-1.1524382423206354
0,category__customer_state_MT,0.42986780737545116
0,category__customer_state_PA,0.8833926052902344
0,category__customer_state_PB,1.579909169048585
0,category__customer_state_PE,1.4175743650414159
0,category__customer_state_PI,0.2840035404398124
0,category__customer_state_PR,-3.445368040912532
0,category__customer_state_RJ,-3.04398235386177
0,category__customer_state_RN,1.533696368044656
0,category__customer_state_RO,0.3848076104569914
0,category__customer_state_RR,1.1413637616030952
0,category__customer_state_RS,-2.407810734906239
0,category__customer_state_SC,0.009019614061727781
0,category__customer_state_SE,3.0984316999274086
0,category__customer_state_SP,-4.302822321036725
0,category__customer_state_TO,-0.4707367104302344
0,category__seller_state_AM,0.8082883394970204
0,category__seller_state_BA,-0.86978072695301
0,category__seller_state_CE,0.7219009767127792
0,category__seller_state_DF,-0.8811275317104292
0,category__seller_state_ES,-0.3545310028289566
0,category__seller_state_GO,0.2492076200832184
0,category__seller_state_MG,1.6113826607457704
0,category__seller_state_MS,-0.7623874031878356
0,category__seller_state_MT,-0.038986143398822656
0,category__seller_state_PA,-0.06624624700260653
0,category__seller_state_PB,-0.4447420653345662
0,category__seller_state_PE,-0.6173047597879817
0,category__seller_state_PR,0.48911220302542124
0,category__seller_state_RJ,-0.5588287052501295
0,category__seller_state_RN,0.1743406375509847
0,category__seller_state_RO,-0.16545188633445113
0,category__seller_state_RS,-1.0466854997924573
0,category__seller_state_SC,0.6585480702074381
0,category__seller_state_SE,-0.11902332651334188
0,category__seller_state_SP,1.2123147902706959
0,category__product_category_agro_industry_and_commerce,-0.2143919704045064
0,category__product_category_air_conditioning,-0.2766370816840092
0,category__product_category_art,-0.26499508152787454
0,category__product_category_arts_and_craftmanship,-0.04423380836133489
0,category__product_category_audio,0.054290476089641194
0,category__product_category_auto,0.668726437462343
0,category__product_category_baby,-0.398065854639489
0,category__product_category_bed_bath_table,0.6450874657166012
0,category__product_category_books_general_interest,-0.011559766828527728
0,category__product_category_books_imported,0.03649463505760044
0,category__product_category_books_technical,-0.20927109758741996
0,category__product_category_cds_dvds_musicals,-0.0815742513904343
0,category__product_category_christmas_supplies,-0.11646510471216555
0,category__product_category_cine_photo,0.11936040810948201
0,category__product_category_computers,-0.656846799934966
0,category__product_category_computers_accessories,-0.4440381719545273
0,category__product_category_consoles_games,0.7529307653669606
0,category__product_category_construction_tools_construction,-0.3677724618904287
0,category__product_category_construction_tools_lights,-0.1466211864814503
0,category__product_category_construction_tools_safety,-0.03429148783532062
0,category__product_category_cool_stuff,-0.5896602169012358
0,category__product_category_costruction_tools_garden,-0.008934431512852333
0,category__product_category_costruction_tools_tools,-0.05805262903712051
0,category__product_category_diapers_and_hygiene,0.11049631206119967
0,category__product_category_drinks,-0.18382530615076828
0,category__product_category_dvds_blu_ray,0.23147194824665518
0,category__product_category_electronics,0.4127156334464703
0,category__product_category_fashio_female_clothing,0.3327098749932033
0,category__product_category_fashion_bags_accessories,-0.8065905105963679
0,category__product_category_fashion_childrens_clothes,-0.08813294133908128
0,category__product_category_fashion_male_clothing,0.29379444174873853
0,category__product_category_fashion_shoes,0.8693911263184266
0,category__product_category_fashion_sport,-0.25878592045588256
0,category__product_category_fashion_underwear_beach,-0.13076488902604022
0,category__product_category_fixed_telephony,-0.3015363619009533
0,category__product_category_food,0.6178385534881771
0,category__product_category_food_drink,-0.4921541763674027
0,category__product_category_furniture_bedroom,0.11797005728704978
0,category__product_category_furniture_decor,0.5019706444510919
0,category__product_category_furniture_living_room,0.6575627833099335
0,category__product_category_furniture_mattress_and_upholstery,0.10657707642227442
0,category__product_category_garden_tools,-0.5216055753834654
0,category__product_category_health_beauty,-0.29102163009041776
0,category__product_category_home_appliances,-0.07356660648963334
0,category__product_category_home_appliances_2,1.4471981798732634
0,category__product_category_home_comfort_2,0.05151451803721553
0,category__product_category_home_confort,1.1094225608829278
0,category__product_category_home_construction,0.123410636485792
0,category__product_category_housewares,-0.1121560290481414
0,category__product_category_industry_commerce_and_business,-0.49528984807134535
0,category__product_category_kitchen_dining_laundry_garden_furniture,0.2473177094162367
0,category__product_category_la_cuisine,-0.2551504603725283
0,category__product_category_luggage_accessories,-0.46645057264895595
0,category__product_category_market_place,-0.4149412468476546
0,category__product_category_music,0.18805270889250414
0,category__product_category_musical_instruments,0.6943647903546604
0,category__product_category_office_furniture,1.8219547350496785
0,category__product_category_party_supplies,-0.020376164583596965
0,category__product_category_perfumery,0.16507167027525968
0,category__product_category_pet_shop,-0.2558345997856609
0,category__product_category_security_and_services,-0.011803914077842361
0,category__product_category_signaling_and_security,-0.30547647960323615
0,category__product_category_small_appliances,-0.7900192491932945
0,category__product_category_small_appliances_home_oven_and_coffee,-0.08890075205676708
0,category__product_category_sports_leisure,-0.13205770750387208
0,category__product_category_stationery,-0.6703742452784849
0,category__product_category_tablets_printing_image,-0.2870426242754302
0,category__product_category_telephony,0.19865324527313014
0,category__product_category_toys,-0.7590646006177163
0,category__product_category_unknown,-0.057580368550682375
0,category__product_category_watches_gifts,-0.3824352111175922
0,category__payment_type_boleto,0.43848044086510474
0,category__payment_type_credit_card,-0.8203465726618062
0,category__payment_type_debit_card,-0.2512371464058285
0,category__payment_type_unknown,0.4539508509805263
0,category__payment_type_voucher,0.1791524272217253
0,category__purchase_dayofweek_Friday,0.5519785010563922
0,category__purchase_dayofweek_Monday,-0.44216623009648043
0,category__purchase_dayofweek_Saturday,-0.0624502607657026
0,category__purchase_dayofweek_Sunday,-0.5844277673088217
0,category__purchase_dayofweek_Thursday,0.5437090417482974
0,category__purchase_dayofweek_Tuesday,-0.1493065680738088
0,category__purchase_dayofweek_Wednesday,0.14266328344010526
1,hour__hour_sin,-0.1131750243400357
1,hour__hour_cos,0.07124626312325648
1,numeric__promised_days,1.8919682200612487
1,numeric__promise_slack,-0.5648728455747738
1,numeric__route_typical_days,-0.9847196962971997
1,numeric__seller_ship_days,0.7750476756293594
1,numeric__same_state,-0.7135166965557707
1,numeric__n_items,-0.3767471418327727
1,numeric__n_products,-0.13415893914375096
1,numeric__n_sellers,-0.3197571109705311
1,numeric__max_installments,0.02164446192221755
1,logged__distance_km,1.0269589851725212
1,logged__total_price,0.08944190790170127
1,logged__total_freight,0.6235167883208699
1,logged__total_weight_g,0.17358360520571203
1,logged__total_volume_cm3,-0.1806425965803705
1,category__customer_state_AC,0.5696430699341506
1,category__customer_state_AL,5.26947579397989
1,category__customer_state_AM,1.4748958679957886
1,category__customer_state_AP,1.5800547677271848
1,category__customer_state_BA,2.4065018024727647
1,category__customer_state_CE,1.4750261354345873
1,category__customer_state_DF,-2.5850997633307298
1,category__customer_state_ES,-1.806551807532512
1,category__customer_state_GO,-0.9425506880073853
1,category__customer_state_MA,1.0358049194743995
1,category__customer_state_MG,-4.228783948526984
1,category__customer_state_MS,-1.6126333618460842
1,category__customer_state_MT,0.20092357258122534
1,category__customer_state_PA,1.3737142182359516
1,category__customer_state_PB,2.2817549361448544
1,category__customer_state_PE,1.2810271517433052
1,category__customer_state_PI,0.21827014717794574
1,category__customer_state_PR,-3.4986673489771634
1,category__customer_state_RJ,-2.9723760368020673
1,category__customer_state_RN,1.7971856012839038
1,category__customer_state_RO,0.20605290555312766
1,category__customer_state_RR,1.0371012522674465
1,category__customer_state_RS,-2.270815361819287
1,category__customer_state_SC,-0.5219731596267193
1,category__customer_state_SE,3.0503239354638367
1,category__customer_state_SP,-4.355960317423599
1,category__customer_state_TO,-0.46234428357981694
1,category__seller_state_AM,0.8017562875299925
1,category__seller_state_BA,-0.6050299428950929
1,category__seller_state_CE,0.796405126007144
1,category__seller_state_DF,-0.8310717016993578
1,category__seller_state_ES,-0.3824389372634745
1,category__seller_state_GO,0.16104611021227216
1,category__seller_state_MG,1.258831451311689
1,category__seller_state_MS,-0.7252159210115472
1,category__seller_state_MT,-0.3958146941051826
1,category__seller_state_PA,0.044837485045888116
1,category__seller_state_PB,-0.4351805916702632
1,category__seller_state_PE,-0.6498093500453509
1,category__seller_state_PR,0.34510073589242196
1,category__seller_state_RJ,-0.28795134937217676
1,category__seller_state_RN,0.28103276971179814
1,category__seller_state_RO,-0.14220680100793798
1,category__seller_state_RS,-0.9485471881762575
1,category__seller_state_SC,0.6685749365323801
1,category__seller_state_SE,-0.12284423922582749
1,category__seller_state_SP,1.1685258142285695
1,category__product_category_agro_industry_and_commerce,-0.3250930677658725
1,category__product_category_air_conditioning,-0.16778337021273368
1,category__product_category_art,-0.3499617591480917
1,category__product_category_arts_and_craftmanship,-0.0425523593312334
1,category__product_category_audio,0.5471481242595339
1,category__product_category_auto,0.4278455582058955
1,category__product_category_baby,-0.3465666906701795
1,category__product_category_bed_bath_table,0.5739119574941981
1,category__product_category_books_general_interest,0.16047953384599747
1,category__product_category_books_imported,0.014969567465858221
1,category__product_category_books_technical,-0.26124085703351013
1,category__product_category_cds_dvds_musicals,-0.10924571517663664
1,category__product_category_christmas_supplies,-0.1194938459976509
1,category__product_category_cine_photo,0.13735174667001107
1,category__product_category_computers,-0.23606957902957992
1,category__product_category_computers_accessories,-0.35663130163553636
1,category__product_category_consoles_games,0.4922505727071883
1,category__product_category_construction_tools_construction,-0.27400114443862816
1,category__product_category_construction_tools_lights,-0.1802753041313853
1,category__product_category_construction_tools_safety,-0.042450330296500076
1,category__product_category_cool_stuff,-0.5885357877052815
1,category__product_category_costruction_tools_garden,-0.06754088264177784
1,category__product_category_costruction_tools_tools,-0.07681624885177235
1,category__product_category_diapers_and_hygiene,0.10668849590934956
1,category__product_category_drinks,0.01764557347367814
1,category__product_category_dvds_blu_ray,0.20175020756299908
1,category__product_category_electronics,0.37178539655497317
1,category__product_category_fashio_female_clothing,0.4868017017211567
1,category__product_category_fashion_bags_accessories,-0.8220785775044166
1,category__product_category_fashion_childrens_clothes,0.008661677354980813
1,category__product_category_fashion_male_clothing,0.2868506121078227
1,category__product_category_fashion_shoes,0.9083952768890711
1,category__product_category_fashion_sport,-0.14612619432878846
1,category__product_category_fashion_underwear_beach,0.04133289269511544
1,category__product_category_fixed_telephony,-0.3848608857447732
1,category__product_category_food,0.6697158985075513
1,category__product_category_food_drink,-0.31900101593687347
1,category__product_category_furniture_bedroom,0.056656740498970695
1,category__product_category_furniture_decor,0.49847028978515456
1,category__product_category_furniture_living_room,0.712932862007251
1,category__product_category_furniture_mattress_and_upholstery,0.09680254338054271
1,category__product_category_garden_tools,-0.32328830989495727
1,category__product_category_health_beauty,-0.32006458724214354
1,category__product_category_home_appliances,-0.17775970459435778
1,category__product_category_home_appliances_2,1.4419668381951152
1,category__product_category_home_comfort_2,0.18044463849374034
1,category__product_category_home_confort,1.0645846548771554
1,category__product_category_home_construction,-0.09469848255552117
1,category__product_category_housewares,-0.19878708518543228
1,category__product_category_industry_commerce_and_business,-0.49621235190996604
1,category__product_category_kitchen_dining_laundry_garden_furniture,-0.05244334050669521
1,category__product_category_la_cuisine,-0.32022552834112855
1,category__product_category_luggage_accessories,-0.400228091809283
1,category__product_category_market_place,-0.48782655849360945
1,category__product_category_music,0.1596273492105912
1,category__product_category_musical_instruments,0.36239105675481803
1,category__product_category_office_furniture,1.6026159250266392
1,category__product_category_party_supplies,-0.13209767757381202
1,category__product_category_perfumery,0.09665113134898409
1,category__product_category_pet_shop,-0.43074063542814395
1,category__product_category_security_and_services,-0.03534612955690194
1,category__product_category_signaling_and_security,-0.2203165535481453
1,category__product_category_small_appliances,-0.9319929977395119
1,category__product_category_small_appliances_home_oven_and_coffee,-0.08990263515239902
1,category__product_category_sports_leisure,-0.19013063525207902
1,category__product_category_stationery,-0.4565907825990005
1,category__product_category_tablets_printing_image,-0.31489148764298913
1,category__product_category_telephony,0.09538203114923992
1,category__product_category_toys,-0.4196668244249047
1,category__product_category_unknown,-0.07170446896814908
1,category__product_category_watches_gifts,-0.44087106815317684
1,category__payment_type_boleto,0.4820830261288113
1,category__payment_type_credit_card,-0.6964726559060912
1,category__payment_type_debit_card,-0.36261492511645277
1,category__payment_type_unknown,0.45057693403040205
1,category__payment_type_voucher,0.12642762086263507
1,category__purchase_dayofweek_Friday,0.5990940174165752
1,category__purchase_dayofweek_Monday,-0.4497812875044987
1,category__purchase_dayofweek_Saturday,0.030023652916019727
1,category__purchase_dayofweek_Sunday,-0.6181701377105516
1,category__purchase_dayofweek_Thursday,0.431080640217182
1,category__purchase_dayofweek_Tuesday,-0.12395027199286515
1,category__purchase_dayofweek_Wednesday,0.1317033866579965
2,hour__hour_sin,-0.15943897412511515
2,hour__hour_cos,0.023019059883734976
2,numeric__promised_days,1.8145268895165083
2,numeric__promise_slack,-0.5667865736104594
2,numeric__route_typical_days,-0.9717725032405303
2,numeric__seller_ship_days,0.7970425063832426
2,numeric__same_state,-0.6953394761898146
2,numeric__n_items,-0.3817466492657768
2,numeric__n_products,-0.05225486304435604
2,numeric__n_sellers,-0.3489974297274144
2,numeric__max_installments,-0.006053230503622425
2,logged__distance_km,1.1318307105499912
2,logged__total_price,0.08219111937637438
2,logged__total_freight,0.6008416306742247
2,logged__total_weight_g,0.17557320417458686
2,logged__total_volume_cm3,-0.14678217906684962
2,category__customer_state_AC,0.49747151683224694
2,category__customer_state_AL,5.438135277035355
2,category__customer_state_AM,1.599912864754514
2,category__customer_state_AP,1.5954404436090897
2,category__customer_state_BA,2.0782376078470373
2,category__customer_state_CE,1.5543839624721671
2,category__customer_state_DF,-2.7187535311740847
2,category__customer_state_ES,-1.9751565208014654
2,category__customer_state_GO,-1.0392641185785818
2,category__customer_state_MA,1.6702182980507008
2,category__customer_state_MG,-4.20339048186061
2,category__customer_state_MS,-1.652835232602554
2,category__customer_state_MT,0.07252972664504738
2,category__customer_state_PA,2.0363986936079685
2,category__customer_state_PB,2.1544225597264837
2,category__customer_state_PE,0.9258028146155164
2,category__customer_state_PI,0.2826557546169354
2,category__customer_state_PR,-3.5555049431029686
2,category__customer_state_RJ,-2.8080298425315617
2,category__customer_state_RN,1.593055403042442
2,category__customer_state_RO,-0.08108218314930228
2,category__customer_state_RR,0.9876406728727044
2,category__customer_state_RS,-2.2178693321618654
2,category__customer_state_SC,-0.7321559893283753
2,category__customer_state_SE,3.4363084271044824
2,category__customer_state_SP,-4.327194789450862
2,category__customer_state_TO,-0.611377058092704
2,category__seller_state_AM,0.7924167022162394
2,category__seller_state_BA,-0.5955400924237935
2,category__seller_state_CE,0.7689716147731501
2,category__seller_state_DF,-0.7403328544408986
2,category__seller_state_ES,-0.5050803070433882
2,category__seller_state_GO,0.14987442572700158
2,category__seller_state_MG,1.2154340369762773
2,category__seller_state_MS,-0.8152752010212176
2,category__seller_state_MT,-0.25091126597373137
2,category__seller_state_PA,0.1014892875990599
2,category__seller_state_PB,-0.41543301702990026
2,category__seller_state_PE,-0.6816109632376793
2,category__seller_state_PR,0.33528559249919593
2,category__seller_state_RJ,-0.24572285655712262
2,category__seller_state_RN,0.2902013365435294
2,category__seller_state_RO,-0.18609635282502382
2,category__seller_state_RS,-1.017824672378934
2,category__seller_state_SC,0.6874612341895758
2,category__seller_state_SE,-0.13517038551648378
2,category__seller_state_SP,1.247863737923503
2,category__product_category_agro_industry_and_commerce,-0.2319790755093424
2,category__product_category_air_conditioning,-0.27491047166740823
2,category__product_category_art,-0.42195313698467996
2,category__product_category_arts_and_craftmanship,-0.042196698157063645
2,category__product_category_audio,0.5082797543209845
2,category__product_category_auto,0.23622232452885594
2,category__product_category_baby,-0.3245925557268613
2,category__product_category_bed_bath_table,0.511762707994564
2,category__product_category_books_general_interest,0.10883598269086076
2,category__product_category_books_imported,0.0004798269153454278
2,category__product_category_books_technical,-0.3556202079760365
2,category__product_category_cds_dvds_musicals,-0.07234090071220321
2,category__product_category_christmas_supplies,-0.2986996176807496
2,category__product_category_cine_photo,0.132449523692011
2,category__product_category_computers,-0.14560039268449443
2,category__product_category_computers_accessories,-0.31727515864193306
2,category__product_category_consoles_games,0.5075696380564728
2,category__product_category_construction_tools_construction,-0.1885648806151709
2,category__product_category_construction_tools_lights,-0.055490288214815844
2,category__product_category_construction_tools_safety,-0.18836183799190695
2,category__product_category_cool_stuff,-0.5604933044377982
2,category__product_category_costruction_tools_garden,-0.29316796032275966
2,category__product_category_costruction_tools_tools,-0.055938094184290875
2,category__product_category_diapers_and_hygiene,0.10436658697990377
2,category__product_category_drinks,0.2536369923169787
2,category__product_category_dvds_blu_ray,0.1836037428395021
2,category__product_category_electronics,0.28978379005669436
2,category__product_category_fashio_female_clothing,0.3872117581385808
2,category__product_category_fashion_bags_accessories,-0.7752051505403849
2,category__product_category_fashion_childrens_clothes,0.006926607481007208
2,category__product_category_fashion_male_clothing,0.1996764271263298
2,category__product_category_fashion_shoes,0.9124433010265616
2,category__product_category_fashion_sport,-0.15030508083179892
2,category__product_category_fashion_underwear_beach,-0.030008198474005307
2,category__product_category_fixed_telephony,-0.44467650859818575
2,category__product_category_flowers,0.08618079010679484
2,category__product_category_food,0.6499998436606559
2,category__product_category_food_drink,-0.4396580070866001
2,category__product_category_furniture_bedroom,0.03804583999991637
2,category__product_category_furniture_decor,0.4867528431896268
2,category__product_category_furniture_living_room,0.8161860968977154
2,category__product_category_furniture_mattress_and_upholstery,0.10508576834872158
2,category__product_category_garden_tools,-0.21476372259004467
2,category__product_category_health_beauty,-0.36625087086563723
2,category__product_category_home_appliances,-0.35513415295351275
2,category__product_category_home_appliances_2,1.5169005667811415
2,category__product_category_home_comfort_2,0.22566636936705445
2,category__product_category_home_confort,1.1247309473166696
2,category__product_category_home_construction,-0.03262632027390846
2,category__product_category_housewares,-0.2021064168516424
2,category__product_category_industry_commerce_and_business,-0.3888095694127462
2,category__product_category_kitchen_dining_laundry_garden_furniture,0.06148213772344059
2,category__product_category_la_cuisine,-0.32754621321378413
2,category__product_category_luggage_accessories,-0.4150835299474233
2,category__product_category_market_place,-0.47676095338088786
2,category__product_category_music,0.15417687587009538
2,category__product_category_musical_instruments,0.2449486875245406
2,category__product_category_office_furniture,1.627889733923325
2,category__product_category_party_supplies,-0.17851574299582362
2,category__product_category_perfumery,0.05857739812767645
2,category__product_category_pet_shop,-0.42642688852536603
2,category__product_category_security_and_services,-0.03630183513085488
2,category__product_category_signaling_and_security,-0.07791792808834855
2,category__product_category_small_appliances,-1.0209694740898074
2,category__product_category_small_appliances_home_oven_and_coffee,-0.08821434831622067
2,category__product_category_sports_leisure,-0.22766123141420466
2,category__product_category_stationery,-0.24937890977888486
2,category__product_category_tablets_printing_image,-0.316435354588442
2,category__product_category_telephony,0.09912676211541493
2,category__product_category_toys,-0.2934977883082638
2,category__product_category_unknown,-0.037108646821584185
2,category__product_category_watches_gifts,-0.2404522005315689
2,category__payment_type_boleto,0.38684669696621377
2,category__payment_type_credit_card,-0.7622650454202761
2,category__payment_type_debit_card,-0.388098479380909
2,category__payment_type_unknown,0.4472858642533712
2,category__payment_type_voucher,0.31623096358101693
2,category__purchase_dayofweek_Friday,0.519623602519505
2,category__purchase_dayofweek_Monday,-0.40728035815597474
2,category__purchase_dayofweek_Saturday,0.052951596525564096
2,category__purchase_dayofweek_Sunday,-0.5842362362214751
2,category__purchase_dayofweek_Thursday,0.40884130564876464
2,category__purchase_dayofweek_Tuesday,-0.13447232625087518
2,category__purchase_dayofweek_Wednesday,0.1445724159347085
3,hour__hour_sin,-0.08378037940970214
3,hour__hour_cos,0.11973764167842099
3,numeric__promised_days,1.584434087616619
3,numeric__promise_slack,-0.4801995003347875
3,numeric__route_typical_days,-0.738931430051154
3,numeric__seller_ship_days,0.7815828746316593
3,numeric__same_state,-0.81978266724757
3,numeric__n_items,-0.45590236104960286
3,numeric__n_products,-0.05035941804267186
3,numeric__n_sellers,-0.3661708283926902
3,numeric__max_installments,0.03744531952229832
3,logged__distance_km,1.2561993171492736
3,logged__total_price,0.030215503720380975
3,logged__total_freight,0.7333357303708973
3,logged__total_weight_g,0.17999827924825568
3,logged__total_volume_cm3,-0.09981611534688743
3,category__customer_state_AC,0.23085440188951462
3,category__customer_state_AL,4.805840006186629
3,category__customer_state_AM,2.0908471580584167
3,category__customer_state_AP,1.7213713081888318
3,category__customer_state_BA,1.570091981996673
3,category__customer_state_CE,1.4446413522086432
3,category__customer_state_DF,-2.892446433475385
3,category__customer_state_ES,-1.6241387193519428
3,category__customer_state_GO,-0.9109602252298875
3,category__customer_state_MA,2.1437171245755713
3,category__customer_state_MG,-4.151926996613361
3,category__customer_state_MS,-1.961694788212488
3,category__customer_state_MT,0.05061623146910375
3,category__customer_state_PA,2.1821095459239936
3,category__customer_state_PB,1.9604556945667717
3,category__customer_state_PE,0.6734222677294908
3,category__customer_state_PI,0.5200338287862496
3,category__customer_state_PR,-3.627764824587793
3,category__customer_state_RJ,-1.8776900222540156
3,category__customer_state_RN,1.1576443831138163
3,category__customer_state_RO,-0.6962833306438573
3,category__customer_state_RR,1.480565424204756
3,category__customer_state_RS,-1.9472374892535973
3,category__customer_state_SC,-0.7883582161970933
3,category__customer_state_SE,3.4354031848969933
3,category__customer_state_SP,-4.251620859311878
3,category__customer_state_TO,-0.7374919886662464
3,category__seller_state_AM,0.7624621312609895
3,category__seller_state_BA,-0.43870217924555366
3,category__seller_state_CE,0.641637036600528
3,category__seller_state_DF,-0.4282973718106045
3,category__seller_state_ES,-0.6738336762825938
3,category__seller_state_GO,-0.10469506628986044
3,category__seller_state_MG,1.240771725660285
3,category__seller_state_MS,-0.9918678756483967
3,category__seller_state_MT,-0.599313655547832
3,category__seller_state_PA,0.05135802358784064
3,category__seller_state_PB,-0.5304981023272178
3,category__seller_state_PE,-0.6498178972232649
3,category__seller_state_PI,-0.003708828365863072
3,category__seller_state_PR,0.5628674545987838
3,category__seller_state_RJ,0.3623945875523522
3,category__seller_state_RN,-0.010286220657163508
3,category__seller_state_RO,-0.10991257794284422
3,category__seller_state_RS,-1.1133044503416538
3,category__seller_state_SC,0.588457177403423
3,category__seller_state_SE,-0.17487082961370298
3,category__seller_state_SP,1.6191605946310725
3,category__product_category_agro_industry_and_commerce,-0.17536276320523353
3,category__product_category_air_conditioning,-0.39965219722794676
3,category__product_category_art,-0.5154686264721754
3,category__product_category_arts_and_craftmanship,-0.04771873238387378
3,category__product_category_audio,0.8027398403878434
3,category__product_category_auto,-0.005933666039299409
3,category__product_category_baby,-0.0036549389382669246
3,category__product_category_bed_bath_table,0.7850566693563659
3,category__product_category_books_general_interest,-0.11192863144786465
3,category__product_category_books_imported,0.06637592478497004
3,category__product_category_books_technical,-0.491176531205701
3,category__product_category_cds_dvds_musicals,-0.12045918835436363
3,category__product_category_christmas_supplies,0.06357222270519643
3,category__product_category_cine_photo,0.12537372419717133
3,category__product_category_computers,-0.43855034660511877
3,category__product_category_computers_accessories,-0.20358680163174978
3,category__product_category_consoles_games,0.6864280648639292
3,category__product_category_construction_tools_construction,0.6891830511436269
3,category__product_category_construction_tools_lights,0.13376531812089176
3,category__product_category_construction_tools_safety,0.015682799426769447
3,category__product_category_cool_stuff,-0.7956279684875736
3,category__product_category_costruction_tools_garden,-0.3838653386098678
3,category__product_category_costruction_tools_tools,0.24638072301399908
3,category__product_category_diapers_and_hygiene,0.15372753606978193
3,category__product_category_drinks,0.0671065150385447
3,category__product_category_dvds_blu_ray,0.27075447619819965
3,category__product_category_electronics,0.25671245784269214
3,category__product_category_fashio_female_clothing,0.27055371601816625
3,category__product_category_fashion_bags_accessories,-0.5570913865462539
3,category__product_category_fashion_childrens_clothes,-0.012992127791942393
3,category__product_category_fashion_male_clothing,0.21995646879910447
3,category__product_category_fashion_shoes,0.7629764331667364
3,category__product_category_fashion_sport,-0.2911739787328937
3,category__product_category_fashion_underwear_beach,0.2580928139393173
3,category__product_category_fixed_telephony,-0.7384281895685442
3,category__product_category_flowers,0.022422371701279652
3,category__product_category_food,0.3979730033891098
3,category__product_category_food_drink,-0.24629037744169915
3,category__product_category_furniture_bedroom,-0.030921254984757167
3,category__product_category_furniture_decor,0.37332752433584854
3,category__product_category_furniture_living_room,0.6154345248571615
3,category__product_category_furniture_mattress_and_upholstery,0.09664132309046558
3,category__product_category_garden_tools,0.1965989021328744
3,category__product_category_health_beauty,-0.4525779567421862
3,category__product_category_home_appliances,-0.5402006208279606
3,category__product_category_home_appliances_2,1.3781365772100815
3,category__product_category_home_comfort_2,0.1888854483485332
3,category__product_category_home_confort,1.4269788733995783
3,category__product_category_home_construction,0.03673706384551207
3,category__product_category_housewares,-0.37223928749038326
3,category__product_category_industry_commerce_and_business,-0.4838694254774475
3,category__product_category_kitchen_dining_laundry_garden_furniture,0.05614539945566338
3,category__product_category_la_cuisine,-0.3644188561781247
3,category__product_category_luggage_accessories,-0.9656112085448831
3,category__product_category_market_place,-0.7476996847956928
3,category__product_category_music,0.0041564713606745156
3,category__product_category_musical_instruments,0.573680756723903
3,category__product_category_office_furniture,1.4474158657794407
3,category__product_category_party_supplies,-0.21314004262962374
3,category__product_category_perfumery,0.07886262295191535
3,category__product_category_pet_shop,-0.6463151193158109
3,category__product_category_security_and_services,-0.043276324346508105
3,category__product_category_signaling_and_security,-0.42420993095379883
3,category__product_category_small_appliances,-1.2039593565252769
3,category__product_category_small_appliances_home_oven_and_coffee,-0.12903256282771505
3,category__product_category_sports_leisure,-0.289972875221308
3,category__product_category_stationery,0.19416994816970046
3,category__product_category_tablets_printing_image,-0.6589838912222614
3,category__product_category_telephony,0.03271854402352014
3,category__product_category_toys,0.010965457194601017
3,category__product_category_unknown,0.08195980501945489
3,category__product_category_watches_gifts,0.017740950711266246
3,category__payment_type_boleto,0.42276568322037217
3,category__payment_type_credit_card,-0.6694339922302139
3,category__payment_type_debit_card,-0.2200793979216545
3,category__payment_type_unknown,0.4395782445821526
3,category__payment_type_voucher,0.027169462349024086
3,category__purchase_dayofweek_Friday,1.0465963534581322
3,category__purchase_dayofweek_Monday,-0.45310607577018897
3,category__purchase_dayofweek_Saturday,0.3033414802390759
3,category__purchase_dayofweek_Sunday,-0.6421639346466255
3,category__purchase_dayofweek_Thursday,0.14148588832174105
3,category__purchase_dayofweek_Tuesday,-0.3053765884105831
3,category__purchase_dayofweek_Wednesday,-0.0907771231911583
4,hour__hour_sin,-0.10061719766973218
4,hour__hour_cos,0.13653547326497176
4,numeric__promised_days,1.5650211589484415
4,numeric__promise_slack,-0.2537674030699937
4,numeric__route_typical_days,-0.5814829385534955
4,numeric__seller_ship_days,0.7539462908649143
4,numeric__same_state,-0.8327340582398337
4,numeric__n_items,-0.45640506169766226
4,numeric__n_products,-0.0802112630219726
4,numeric__n_sellers,-0.3451861183997348
4,numeric__max_installments,0.01825047953272107
4,logged__distance_km,1.2100168315636954
4,logged__total_price,0.08885526191857862
4,logged__total_freight,0.7255831758994868
4,logged__total_weight_g,0.18421990904891722
4,logged__total_volume_cm3,-0.10348290827709924
4,category__customer_state_AC,-0.05821996814983165
4,category__customer_state_AL,4.5014759320523545
4,category__customer_state_AM,2.310238684969883
4,category__customer_state_AP,1.7557412544025515
4,category__customer_state_BA,1.4587654944505988
4,category__customer_state_CE,1.27735060211602
4,category__customer_state_DF,-2.729627172545596
4,category__customer_state_ES,-1.5652011921663969
4,category__customer_state_GO,-0.9443606224808654
4,category__customer_state_MA,1.9064857700008857
4,category__customer_state_MG,-3.9587785451143658
4,category__customer_state_MS,-1.629202406643303
4,category__customer_state_MT,0.0459674248276106
4,category__customer_state_PA,1.9871461290851067
4,category__customer_state_PB,1.8329996475389625
4,category__customer_state_PE,0.21502475025363157
4,category__customer_state_PI,0.1968466146301298
4,category__customer_state_PR,-3.316827918407539
4,category__customer_state_RJ,-1.2884757448353108
4,category__customer_state_RN,0.7882458636865657
4,category__customer_state_RO,-0.7476855630530143
4,category__customer_state_RR,1.407358463478432
4,category__customer_state_RS,-1.5912303276869282
4,category__customer_state_SC,-0.5092950939514295
4,category__customer_state_SE,3.326464240983026
4,category__customer_state_SP,-3.8965700759568525
4,category__customer_state_TO,-0.7746362414888784
4,category__seller_state_AM,0.7355554561013978
4,category__seller_state_BA,-0.5819772664103818
4,category__seller_state_CE,0.6893405681110507
4,category__seller_state_DF,-0.43935748388299617
4,category__seller_state_ES,-0.5630341310042271
4,category__seller_state_GO,-0.05487952937136827
4,category__seller_state_MA,0.19439991324284878
4,category__seller_state_MG,1.0197154031206992
4,category__seller_state_MS,-1.0395719630881546
4,category__seller_state_MT,-0.6628729097167056
4,category__seller_state_PA,0.19847615761941212
4,category__seller_state_PB,-0.5689707648230968
4,category__seller_state_PE,-0.8454913961840008
4,category__seller_state_PI,0.052738231184778106
4,category__seller_state_PR,0.6157615965886148
4,category__seller_state_RJ,0.49151115767232645
4,category__seller_state_RN,0.10896913337244958
4,category__seller_state_RO,-0.20936121646536734
4,category__seller_state_RS,-1.3787770692678638
4,category__seller_state_SC,0.8016260292635897
4,category__seller_state_SE,-0.18384370453705842
4,category__seller_state_SP,1.6200437884762242
4,category__product_category_agro_industry_and_commerce,-0.09059056711694895
4,category__product_category_air_conditioning,-0.4832517474580419
4,category__product_category_art,-0.2216404062126031
4,category__product_category_arts_and_craftmanship,-0.046572506330973776
4,category__product_category_audio,0.6187128547139457
4,category__product_category_auto,0.07856661036986651
4,category__product_category_baby,0.25541422283750476
4,category__product_category_bed_bath_table,0.7831835999806954
4,category__product_category_books_general_interest,-0.12814478522254472
4,category__product_category_books_imported,0.02012323693970846
4,category__product_category_books_technical,-0.6323668089214574
4,category__product_category_cds_dvds_musicals,-0.14743717558832262
4,category__product_category_christmas_supplies,0.1737889727506228
4,category__product_category_cine_photo,0.04636309446335878
4,category__product_category_computers,-0.32197808982312687
4,category__product_category_computers_accessories,-0.0968561495012692
4,category__product_category_consoles_games,0.9564385336085085
4,category__product_category_construction_tools_construction,0.4895358146981379
4,category__product_category_construction_tools_lights,0.022846669413908838
4,category__product_category_construction_tools_safety,-0.09453857547337959
4,category__product_category_cool_stuff,-0.8011781635691942
4,category__product_category_costruction_tools_garden,-0.4543273820482231
4,category__product_category_costruction_tools_tools,0.15629064742090587
4,category__product_category_diapers_and_hygiene,0.16501098290900862
4,category__product_category_drinks,0.8109442212242709
4,category__product_category_dvds_blu_ray,0.24164146436815648
4,category__product_category_electronics,0.49370175901778895
4,category__product_category_fashio_female_clothing,0.19592086499205036
4,category__product_category_fashion_bags_accessories,-0.5468494143707191
4,category__product_category_fashion_childrens_clothes,-0.020713261647179244
4,category__product_category_fashion_male_clothing,0.06338921768910169
4,category__product_category_fashion_shoes,0.5747178172192997
4,category__product_category_fashion_sport,-0.3100326613980799
4,category__product_category_fashion_underwear_beach,0.2555288728394655
4,category__product_category_fixed_telephony,-0.7026212307098171
4,category__product_category_flowers,-0.07463988639413463
4,category__product_category_food,0.12392595355388576
4,category__product_category_food_drink,-0.34657321175967387
4,category__product_category_furniture_bedroom,-0.15095730127066642
4,category__product_category_furniture_decor,0.38058031850234614
4,category__product_category_furniture_living_room,0.3603020364769228
4,category__product_category_furniture_mattress_and_upholstery,0.08162132402521156
4,category__product_category_garden_tools,0.14349119573081928
4,category__product_category_health_beauty,-0.46676635934626687
4,category__product_category_home_appliances,-0.28879581385187864
4,category__product_category_home_appliances_2,1.1481698391430442
4,category__product_category_home_comfort_2,0.16791002844486816
4,category__product_category_home_confort,1.324732734512446
4,category__product_category_home_construction,0.048826218394438674
4,category__product_category_housewares,-0.3693065756828586
4,category__product_category_industry_commerce_and_business,-0.5377279396018958
4,category__product_category_kitchen_dining_laundry_garden_furniture,-0.05015877214098296
4,category__product_category_la_cuisine,-0.40066060746784465
4,category__product_category_luggage_accessories,-0.9867295682935863
4,category__product_category_market_place,-0.9079881608256827
4,category__product_category_music,-0.0962873156024085
4,category__product_category_musical_instruments,0.5807806555905369
4,category__product_category_office_furniture,1.623698190040725
4,category__product_category_party_supplies,-0.21587116256493544
4,category__product_category_perfumery,0.032912556407113505
4,category__product_category_pet_shop,-0.6184025076429143
4,category__product_category_security_and_services,-0.047265280891684074
4,category__product_category_signaling_and_security,-0.45341561989137447
4,category__product_category_small_appliances,-1.2120280632422213
4,category__product_category_small_appliances_home_oven_and_coffee,-0.13117054480391402
4,category__product_category_sports_leisure,-0.2988543465755964
4,category__product_category_stationery,0.6635937850249479
4,category__product_category_tablets_printing_image,-0.6852667752412699
4,category__product_category_telephony,0.15538977330345025
4,category__product_category_toys,0.01837590630578331
4,category__product_category_unknown,0.3031639795661064
4,category__product_category_watches_gifts,-0.12162921399545133
4,category__payment_type_boleto,0.43950094792912153
4,category__payment_type_credit_card,-0.640856989580054
4,category__payment_type_debit_card,-0.1812522373430552
4,category__payment_type_unknown,0.42638282691187834
4,category__payment_type_voucher,-0.04377454791868927
4,category__purchase_dayofweek_Friday,0.9373826327811903
4,category__purchase_dayofweek_Monday,-0.40960849855773507
4,category__purchase_dayofweek_Saturday,0.3128507929305674
4,category__purchase_dayofweek_Sunday,-0.6240524094597657
4,category__purchase_dayofweek_Thursday,0.16800921784436318
4,category__purchase_dayofweek_Tuesday,-0.25846889291708963
4,category__purchase_dayofweek_Wednesday,-0.12611284262114653
