candidate,mean_mae,mean_rmse,mean_r2,mean_signed_error
mean_baseline,7.21569445041069,10.673734836288642,-0.07825362973781118,-2.757263094117482
route_baseline,6.154887494356121,9.64959782614471,0.11984988724546697,-2.9150289916884944
linear_baseline,5.861648406758029,9.466531041839781,0.1552761575820199,-3.1400001661862444
ridge_1,5.859646981958169,9.464548460123163,0.15565430157381177,-3.1377138130732667
ridge_10,5.849727495170383,9.45336248323636,0.15769952904803514,-3.12545460358385
ridge_100,5.809875032290913,9.40117462878528,0.1666650615885094,-3.0584112070820786
tree_baseline,7.772510325761229,12.15115551215104,-0.4160379396072832,-3.218329321921579
tree_depth6,5.941715187954637,9.511257457185131,0.14400180502765697,-3.012243370461576
tree_depth12,6.14976065786222,9.815795942612175,0.08857049092643794,-3.3579191833562008
forest_baseline,5.762918396768137,9.308373049992374,0.18068258365994289,-2.9375014350417734
forest_depth12,5.813634746056713,9.371560948759873,0.17074861667108499,-2.9079840912875654
forest_leaf20,5.780683153410642,9.33688881891105,0.17673002980906197,-2.9352701101353427
