period,variant,orders,late_rate,ap,roc_auc,precision_at_10pct
validation_1,historical_route_minus_promise_rule,7601,0.04078410735429549,0.06232219478429958,0.639785683631167,0.07095926412614981
validation_1,frozen_logistic,7601,0.04078410735429549,0.07377731277924482,0.679558536596157,0.09198423127463863
validation_2,historical_route_minus_promise_rule,7601,0.1382712800947244,0.14787933622389507,0.5533614659974869,0.11826544021024968
validation_2,frozen_logistic,7601,0.1382712800947244,0.22308362441354831,0.6533212280561588,0.266754270696452
validation_3,historical_route_minus_promise_rule,7601,0.04775687409551375,0.05602529759793983,0.5183074940416246,0.051248357424441525
validation_3,frozen_logistic,7601,0.04775687409551375,0.07600442179199467,0.6225956213647439,0.09198423127463863
validation_4,historical_route_minus_promise_rule,7601,0.09919747401657676,0.13632189703928344,0.6090217830496735,0.15768725361366623
validation_4,frozen_logistic,7601,0.09919747401657676,0.23306740228771475,0.7185982243961323,0.28383705650459923
validation_5,historical_route_minus_promise_rule,7601,0.20734113932377318,0.23094626259970158,0.5698112243823324,0.19053876478318002
validation_5,frozen_logistic,7601,0.20734113932377318,0.39540572355577247,0.7105512142721738,0.5151116951379764
opened_test_post_hoc,historical_route_minus_promise_rule,19363,0.034808655683520116,0.12429713757890054,0.7763704208492817,0.13680949922560662
opened_test_post_hoc,frozen_logistic,19363,0.034808655683520116,0.0651267024932204,0.6679838963334404,0.06814661848218895
test_month_2018-05,historical_route_minus_promise_rule,760,0.002631578947368421,0.00484677923702314,0.604221635883905,0.0
test_month_2018-05,frozen_logistic,760,0.002631578947368421,0.06166666666666666,0.9610817941952506,0.02631578947368421
test_month_2018-06,historical_route_minus_promise_rule,6096,0.011646981627296589,0.03876916657953139,0.7036409327333295,0.040983606557377046
test_month_2018-06,frozen_logistic,6096,0.011646981627296589,0.059877200141519954,0.7608602653263983,0.03770491803278689
test_month_2018-07,historical_route_minus_promise_rule,6156,0.03378817413905133,0.07561456889028241,0.6403946381459831,0.0762987012987013
test_month_2018-07,frozen_logistic,6156,0.03378817413905133,0.06344231268802926,0.6341126299725828,0.07792207792207792
test_month_2018-08,historical_route_minus_promise_rule,6351,0.061880018894662256,0.15867405886603705,0.7643177817239762,0.17452830188679244
test_month_2018-08,frozen_logistic,6351,0.061880018894662256,0.07445517398132513,0.5219543590545181,0.07389937106918239
