dimension,group,orders,late,late_rate,top10_selected,top10_late_found,late_missed_by_top10
month,2018-05,760,2,0.002631578947368421,1,0,2
month,2018-06,6096,71,0.011646981627296589,158,16,55
month,2018-07,6156,208,0.03378817413905133,834,57,151
month,2018-08,6351,393,0.061880018894662256,944,59,334
promise_band,<=14,5395,427,0.07914735866543096,372,49,378
promise_band,15-21,4639,121,0.026083207587842206,802,51,70
promise_band,22-30,5235,99,0.018911174785100286,635,31,68
promise_band,>30,4094,27,0.006595017098192477,128,1,26
distance_band,<=100,4290,288,0.06713286713286713,4,0,288
distance_band,101-500,7306,168,0.02299479879551054,481,21,147
distance_band,501-1000,4726,104,0.022005924672027083,587,45,59
distance_band,>1000,2962,106,0.03578663065496286,860,64,42
n_sellers,1,19032,674,0.035414039512400165,1937,132,542
n_sellers,2,315,0,0.0,0,0,0
