period,variant,orders,calendar_date_coverage,pinball_90,mean_predicted_days,mae
validation_1,linear_quantile,7601,0.9129061965530851,1.4952657901183188,19.364660137825815,8.79040416466492
validation_1,olist_promise,7601,0.9592158926457045,1.557526511497025,23.30492989774737,12.067141415359576
validation_2,linear_quantile,7601,0.7479279042231285,3.145759949150587,19.11719967573663,8.75071252174702
validation_2,olist_promise,7601,0.8617287199052757,2.3822382687828596,23.90918777591399,11.057259641153452
validation_3,linear_quantile,7601,0.8101565583475858,2.322820068179691,18.964394863694952,8.430989180360509
validation_3,olist_promise,7601,0.9522431259044862,1.905278806516686,27.189186059826437,14.175739613939689
validation_4,linear_quantile,7601,0.8251545849230364,2.3861476198315588,21.338768902614724,9.372278889287829
validation_4,olist_promise,7601,0.9008025259834233,2.0924752094631796,25.367091421937666,12.007592084009412
validation_5,linear_quantile,7601,0.7592422049730299,3.1865905906971927,21.795875036792214,10.191468969748769
validation_5,olist_promise,7601,0.7926588606762268,2.915461964221326,22.237931164332668,10.002856618829393
opened_test_post_hoc,linear_quantile,19363,0.9831121210556215,1.5961919776299132,23.10536103210047,14.658848714517228
opened_test_post_hoc,olist_promise,19363,0.9651913443164799,1.5283677459850875,21.413960964592647,13.170080197221314
validation_1,shallow_boosted_quantile,7601,0.8613340349953953,1.4201827127316402,16.68060640531152,6.492995023880125
validation_1,olist_promise,7601,0.9592158926457045,1.557526511497025,23.30492989774737,12.067141415359576
validation_2,shallow_boosted_quantile,7601,0.6968819892119458,3.1358981731852897,16.943273444405296,6.99184798475136
validation_2,olist_promise,7601,0.8617287199052757,2.3822382687828596,23.90918777591399,11.057259641153452
validation_3,shallow_boosted_quantile,7601,0.7945007235890015,2.13753975787345,17.582653389688904,6.955035380543187
validation_3,olist_promise,7601,0.9522431259044862,1.905278806516686,27.189186059826437,14.175739613939689
validation_4,shallow_boosted_quantile,7601,0.7993685041441916,2.245649349039216,19.530285427093016,7.644495567285772
validation_4,olist_promise,7601,0.9008025259834233,2.0924752094631796,25.367091421937666,12.007592084009412
validation_5,shallow_boosted_quantile,7601,0.7614787527956848,2.8506605596550387,20.83321724295089,8.7494826725914
validation_5,olist_promise,7601,0.7926588606762268,2.915461964221326,22.237931164332668,10.002856618829393
opened_test_post_hoc,shallow_boosted_quantile,19363,0.9790321747663069,1.4217155048666457,21.19029714792967,12.777844661654049
opened_test_post_hoc,olist_promise,19363,0.9651913443164799,1.5283677459850875,21.413960964592647,13.170080197221314
