dimension,group,orders,mae,bias_pred_minus_actual,mean_actual_days
month,2018-05,760,4.3279955526661755,2.4403985744203864,12.204142163133527
month,2018-06,6096,5.557593654714516,4.308009029710851,9.239216293167347
month,2018-07,6156,5.156678292636782,3.5915789575046384,8.958636237154959
month,2018-08,6351,4.397810474724106,3.248085234708472,7.732779720458137
promise_band,<=14,5395,2.9221726286418486,1.4592600650339167,5.563766677822401
promise_band,15-21,4639,4.644065332859637,3.4332607920180314,8.151310405239794
promise_band,22-30,5235,5.963164251451544,4.709243435758817,9.750077158282926
promise_band,>30,4094,6.916772878994467,5.4719543474552665,12.453726215758381
distance_band,<=100,4290,2.6863296777516426,0.6385129685023986,5.207740427782095
distance_band,101-500,7306,4.701324497946691,3.7695089975254703,7.953476124076102
distance_band,501-1000,4726,5.989896938944514,4.945324876513067,10.009999867752857
distance_band,>1000,2962,7.497565271328084,5.740147046183663,13.910321795989946
same_state,0,11576,6.36982755716935,5.192954713893912,10.652546542255369
same_state,1,7787,2.967285171673097,1.3793542547416169,5.97711319821973
