bin,mean_prediction,observed_rate,orders,period
0,0.013799552441825616,0.011834319526627219,1521,Validation 1
1,0.021463154163496534,0.021052631578947368,1520,Validation 1
2,0.02790531879288609,0.03881578947368421,1520,Validation 1
3,0.03649961391428354,0.05131578947368421,1520,Validation 1
4,0.062147318058191084,0.08092105263157895,1520,Validation 1
0,0.011409647995348646,0.05982905982905983,1521,Validation 2
1,0.019118029116398733,0.09671052631578947,1520,Validation 2
2,0.02623612707101379,0.11973684210526316,1520,Validation 2
3,0.03567081413217135,0.17105263157894737,1520,Validation 2
4,0.06655490111943788,0.24407894736842106,1520,Validation 2
0,0.009168454975101355,0.024326101249178174,1521,Validation 3
1,0.01596616413585384,0.03289473684210526,1520,Validation 3
2,0.021787421229038956,0.04671052631578947,1520,Validation 3
3,0.029776334970404876,0.05986842105263158,1520,Validation 3
4,0.05650148244338916,0.075,1520,Validation 3
0,0.01321336006901181,0.030243261012491782,1521,Validation 4
1,0.023759497340538872,0.04736842105263158,1520,Validation 4
2,0.033409942161576466,0.08289473684210526,1520,Validation 4
3,0.04948707839456826,0.10789473684210527,1520,Validation 4
4,0.10687642825739584,0.22763157894736843,1520,Validation 4
0,0.019773452049824943,0.0670611439842209,1521,Validation 5
1,0.035288018557316864,0.13421052631578947,1520,Validation 5
2,0.047950571217962215,0.1756578947368421,1520,Validation 5
3,0.06764232702782409,0.22631578947368422,1520,Validation 5
4,0.1362491053449321,0.43355263157894736,1520,Validation 5
0,0.01686478356374096,0.0028401755744900596,3873,Later test
1,0.041635043166935254,0.021430415698424993,3873,Later test
2,0.06807454485275576,0.04390495867768595,3872,Later test
3,0.10983205183977215,0.052930544797314745,3873,Later test
4,0.25479421454332657,0.052944214876033055,3872,Later test
