split,win,method,n,late_rate,ref_rate,auc,pr,pr_rel,rec10,prec10
val,0,classifier,7069,0.048521714528221814,0.05,0.5670391388363679,0.06427521986390568,1.324669181393438,0.15451895043731778,0.07496463932107496
val,0,mu,7069,0.048521714528221814,0.05,0.5271449984352095,0.04953240841732456,1.0208297233296422,0.08454810495626822,0.04101838755304102
val,0,rt_spread,7069,0.048521714528221814,0.05,0.5142497804525149,0.05237442287769201,1.0794017356338332,0.12536443148688048,0.06082036775106082
val,0,"n_sellers,mu",7069,0.048521714528221814,0.05,0.5186171065852109,0.04762721774743335,0.9815650211562867,0.0728862973760933,0.03536067892503536
val,0,random,7069,0.048521714528221814,0.05,0.4837409157622524,0.04952401236931719,1.0206566864102133,0.10787172011661808,0.05233380480905234
val,1,classifier,6555,0.05064836003051106,0.050002997781641585,0.5292707871498851,0.061999048974401706,1.2241077289976,0.1686746987951807,0.08536585365853659
val,1,mu,6555,0.05064836003051106,0.050002997781641585,0.5392539142589964,0.05298140471121003,1.0460635779577763,0.04819277108433735,0.024390243902439025
val,1,rt_spread,6555,0.05064836003051106,0.050002997781641585,0.5798500122940742,0.06713674049442189,1.3255461865690827,0.21686746987951808,0.10975609756097561
val,1,"n_sellers,mu",6555,0.05064836003051106,0.050002997781641585,0.5342999831561503,0.05184637001269658,1.0236534802205606,0.0391566265060241,0.019817073170731708
val,1,random,6555,0.05064836003051106,0.050002997781641585,0.49329343728763686,0.050780512423331294,1.0026092136594476,0.09337349397590361,0.04725609756097561
val,2,classifier,7003,0.05897472511780665,0.050025853154084796,0.5921388338777296,0.09631447889733576,1.6331484157821847,0.2179176755447942,0.12857142857142856
val,2,mu,7003,0.05897472511780665,0.050025853154084796,0.5809027178166346,0.07247276687243655,1.228878417451993,0.1162227602905569,0.06857142857142857
val,2,rt_spread,7003,0.05897472511780665,0.050025853154084796,0.5990660146160262,0.09618911626741197,1.6310227148200631,0.2857142857142857,0.16857142857142857
val,2,"n_sellers,mu",7003,0.05897472511780665,0.050025853154084796,0.5730703942799825,0.06879714703302087,1.1665530766882448,0.1016949152542373,0.06
val,2,random,7003,0.05897472511780665,0.050025853154084796,0.4948329518273707,0.061101546162671265,1.0360632633830191,0.09685230024213075,0.05714285714285714
val,3,classifier,6798,0.012209473374521919,0.050053628888094386,0.5572634544133347,0.017549218430648918,1.4373444203801367,0.1927710843373494,0.023529411764705882
val,3,mu,6798,0.012209473374521919,0.050053628888094386,0.6208488458674608,0.029839738113500068,2.4439824059707647,0.2891566265060241,0.03529411764705882
val,3,rt_spread,6798,0.012209473374521919,0.050053628888094386,0.47461446680242936,0.012185933796371019,0.9980720234666287,0.12048192771084337,0.014705882352941176
val,3,"n_sellers,mu",6798,0.012209473374521919,0.050053628888094386,0.6083879823089827,0.020586216088242376,1.686085505637008,0.20481927710843373,0.025
val,3,random,6798,0.012209473374521919,0.050053628888094386,0.4841112775749311,0.011855402376734256,0.9710003055064996,0.10843373493975904,0.013235294117647059
val,4,classifier,5989,0.007012856904324595,0.05001964857126817,0.3710634413509813,0.006043138115505162,0.8617227184228671,0.07142857142857142,0.005008347245409015
val,4,mu,5989,0.007012856904324595,0.05001964857126817,0.34923170546173743,0.005042078594196957,0.7189763976344185,0.023809523809523808,0.001669449081803005
val,4,rt_spread,5989,0.007012856904324595,0.05001964857126817,0.351373641772162,0.005527930105638201,0.788256509587314,0.07142857142857142,0.005008347245409015
val,4,"n_sellers,mu",5989,0.007012856904324595,0.05001964857126817,0.3437067108666234,0.004981191295727758,0.7102941588122271,0.0,0.0
val,4,random,5989,0.007012856904324595,0.05001964857126817,0.5263838510013052,0.009212413521345397,1.3136462995080376,0.11904761904761904,0.008347245409015025
test,0,classifier,760,0.010526315789473684,0.05003702528297895,0.5265957446808511,0.012589337596724657,1.1959870716888423,0.125,0.013157894736842105
test,0,mu,760,0.010526315789473684,0.05003702528297895,0.37084441489361697,0.00890113792559339,0.8456081029313721,0.0,0.0
test,0,rt_spread,760,0.010526315789473684,0.05003702528297895,0.37167553191489355,0.013075936785965766,1.2422139946667479,0.125,0.013157894736842105
test,0,"n_sellers,mu",760,0.010526315789473684,0.05003702528297895,0.36419547872340424,0.008759786541425443,0.8321797214354171,0.0,0.0
test,0,random,760,0.010526315789473684,0.05003702528297895,0.4609375,0.011432330785765655,1.0860714246477372,0.0,0.0
test,1,classifier,6096,0.015091863517060367,0.05003695911752999,0.5117937679228342,0.031242199387287527,2.0701352985315737,0.18478260869565216,0.027868852459016394
test,1,mu,6096,0.015091863517060367,0.05003695911752999,0.4680394229933667,0.015184966544372885,1.0061690875488816,0.10869565217391304,0.01639344262295082
test,1,rt_spread,6096,0.015091863517060367,0.05003695911752999,0.47955620166265966,0.014963641373625549,0.9915038892784929,0.07608695652173914,0.011475409836065573
test,1,"n_sellers,mu",6096,0.015091863517060367,0.05003695911752999,0.4591974915273875,0.01434857985823272,0.9507493784324637,0.07608695652173914,0.011475409836065573
test,1,random,6096,0.015091863517060367,0.05003695911752999,0.4472960055615097,0.01845755920535176,1.2230139229980905,0.05434782608695652,0.00819672131147541
test,2,classifier,6156,0.021442495126705652,0.04999718166957894,0.5875940681717574,0.042058128027770925,1.9614381525678624,0.2196969696969697,0.04707792207792208
test,2,mu,6156,0.021442495126705652,0.04999718166957894,0.4185052718419253,0.017948394227586064,0.8370478398865138,0.05303030303030303,0.011363636363636364
test,2,rt_spread,6156,0.021442495126705652,0.04999718166957894,0.38851726930661196,0.024183548041927776,1.1278327405008137,0.06060606060606061,0.012987012987012988
test,2,"n_sellers,mu",6156,0.021442495126705652,0.04999718166957894,0.4105534930983138,0.016966969341449995,0.7912777520148953,0.05303030303030303,0.011363636363636364
test,2,random,6156,0.021442495126705652,0.04999718166957894,0.49785579902611776,0.02290778368633018,1.068335730098853,0.12121212121212122,0.025974025974025976
test,3,classifier,6351,0.019367028814359942,0.0500547378664396,0.5045402091785851,0.021815005212290503,1.1263991715711952,0.12195121951219512,0.023622047244094488
test,3,mu,6351,0.019367028814359942,0.0500547378664396,0.28128410378516117,0.012311713098729648,0.6357047958539187,0.032520325203252036,0.006299212598425197
test,3,rt_spread,6351,0.019367028814359942,0.0500547378664396,0.3121700581167661,0.012955817946631682,0.6689625998297384,0.056910569105691054,0.011023622047244094
test,3,"n_sellers,mu",6351,0.019367028814359942,0.0500547378664396,0.27752713943324403,0.012215103920323182,0.6307164633981507,0.016260162601626018,0.0031496062992125984
test,3,random,6351,0.019367028814359942,0.0500547378664396,0.5513599741007044,0.02721604616549715,1.4052773105453042,0.17073170731707318,0.03307086614173228
