split,win,method,n,d95,auc,label_rate,thr
val,0,uniform,7069,28.185741397735757,,0.2841986136652992,0.28780346285771713
val,0,tier_classifier,7069,29.38743276591062,0.5865176862222764,0.2841986136652992,0.28780346285771713
val,0,tier_rule,7069,27.981462441646624,,0.2841986136652992,0.28780346285771713
val,0,tier_mu,7069,28.369045126609123,,0.2841986136652992,0.28780346285771713
val,1,uniform,6555,34.344688572654455,,0.3710144927536232,0.2994170141981881
val,1,tier_classifier,6555,35.102055061820366,0.5685898246518248,0.3710144927536232,0.2994170141981881
val,1,tier_rule,6555,35.03429509501541,,0.3710144927536232,0.2994170141981881
val,1,tier_mu,6555,34.62026038416197,,0.3710144927536232,0.2994170141981881
val,2,uniform,7003,31.875377219286964,,0.33599885763244325,0.2944290598040002
val,2,tier_classifier,7003,31.837939643942676,0.6319358951510082,0.33599885763244325,0.2944290598040002
val,2,tier_rule,7003,32.122244958346265,,0.33599885763244325,0.2944290598040002
val,2,tier_mu,7003,32.571890137743154,,0.33599885763244325,0.2944290598040002
val,3,uniform,6798,21.236167268952574,,0.11047366872609592,0.2997084392189364
val,3,tier_classifier,6798,21.341439091082147,0.5734635942110811,0.11047366872609592,0.2997084392189364
val,3,tier_rule,6798,21.4166680926563,,0.11047366872609592,0.2997084392189364
val,3,tier_mu,6798,21.477011305846247,,0.11047366872609592,0.2997084392189364
val,4,uniform,5989,22.279394274117937,,0.1484388044748706,0.3143544185486596
val,4,tier_classifier,5989,23.161235097679075,0.5878900063962593,0.1484388044748706,0.3143544185486596
val,4,tier_rule,5989,23.327556453498072,,0.1484388044748706,0.3143544185486596
val,4,tier_mu,5989,23.26649760672343,,0.1484388044748706,0.3143544185486596
test,0,uniform,760,20.325751879699244,,0.13157894736842105,0.30035192850777004
test,0,tier_classifier,760,21.781477732793523,0.455969696969697,0.13157894736842105,0.30035192850777004
test,0,tier_rule,760,20.808991228070173,,0.13157894736842105,0.30035192850777004
test,0,tier_mu,760,23.247368421052627,,0.13157894736842105,0.30035192850777004
test,1,uniform,6096,16.231206379742293,,0.052001312335958005,0.30069439038489504
test,1,tier_classifier,6096,16.305348900352964,0.5498615404518591,0.052001312335958005,0.30069439038489504
test,1,tier_rule,6096,16.61357547532167,,0.052001312335958005,0.30069439038489504
test,1,tier_mu,6096,17.21160953725893,,0.052001312335958005,0.30069439038489504
test,2,uniform,6156,17.255425601039626,,0.060266406757634824,0.2977823075138222
test,2,tier_classifier,6156,17.222312775634904,0.6018467222834406,0.060266406757634824,0.2977823075138222
test,2,tier_rule,6156,17.28105339601727,,0.060266406757634824,0.2977823075138222
test,2,tier_mu,6156,17.623566126855593,,0.060266406757634824,0.2977823075138222
test,3,uniform,6351,13.895622071271905,,0.045662100456621,0.305630195521389
test,3,tier_classifier,6351,15.048504250519521,0.5662568484772628,0.045662100456621,0.305630195521389
test,3,tier_rule,6351,13.979997525698986,,0.045662100456621,0.305630195521389
test,3,tier_mu,6351,13.955333805699885,,0.045662100456621,0.305630195521389
