split,win,model,scale,n,d95,mae
val,0,ours_two_leg,1,7069,28.48172714669684,5.326259550114587
val,0,ours_two_leg,mu,7069,28.07916903131319,5.326259550114587
val,0,ours_two_leg,sp,7069,29.106848340577187,5.326259550114587
val,0,pratik_ridge100,1,7069,28.772082174124897,5.3616870067742886
val,0,pratik_ridge100,mu,7069,27.7298962234416,5.3616870067742886
val,0,pratik_ridge100,sp,7069,28.864020789781147,5.3616870067742886
val,0,pratik_forest_leaf20,1,7069,28.85559015333047,5.367244535983355
val,0,pratik_forest_leaf20,mu,7069,27.594562838574376,5.367244535983355
val,0,pratik_forest_leaf20,sp,7069,29.146448887126684,5.367244535983355
val,1,ours_two_leg,1,6555,35.72103678929765,6.789473560694718
val,1,ours_two_leg,mu,6555,34.708732701318496,6.789473560694718
val,1,ours_two_leg,sp,6555,34.55182026211774,6.789473560694718
val,1,pratik_ridge100,1,6555,36.46674939031595,6.716920578797941
val,1,pratik_ridge100,mu,6555,35.62678242921882,6.716920578797941
val,1,pratik_ridge100,sp,6555,35.3177783427974,6.716920578797941
val,1,pratik_forest_leaf20,1,6555,36.43744710197172,6.608566424884083
val,1,pratik_forest_leaf20,mu,6555,34.9922919426713,6.608566424884083
val,1,pratik_forest_leaf20,sp,6555,35.26158757005936,6.608566424884083
val,2,ours_two_leg,1,7003,34.29152500576675,6.397960716276901
val,2,ours_two_leg,mu,7003,32.12303125500326,6.397960716276901
val,2,ours_two_leg,sp,7003,32.043941080644736,6.397960716276901
val,2,pratik_ridge100,1,7003,35.33125985873163,6.683136021067528
val,2,pratik_ridge100,mu,7003,32.74140085283647,6.683136021067528
val,2,pratik_ridge100,sp,7003,32.366543459396524,6.683136021067528
val,2,pratik_forest_leaf20,1,7003,35.0330551641704,6.6308248719919325
val,2,pratik_forest_leaf20,mu,7003,32.25371933623131,6.6308248719919325
val,2,pratik_forest_leaf20,sp,7003,32.252831309378045,6.6308248719919325
val,3,ours_two_leg,1,6798,23.236385448052673,4.726612195462621
val,3,ours_two_leg,mu,6798,22.34221873215305,4.726612195462621
val,3,ours_two_leg,sp,6798,22.062920437265383,4.726612195462621
val,3,pratik_ridge100,1,6798,22.445827990474438,4.616272031912447
val,3,pratik_ridge100,mu,6798,21.538593680864906,4.616272031912447
val,3,pratik_ridge100,sp,6798,21.92884671962341,4.616272031912447
val,3,pratik_forest_leaf20,1,6798,22.56078270672787,4.791732683905143
val,3,pratik_forest_leaf20,mu,6798,21.377795228123606,4.791732683905143
val,3,pratik_forest_leaf20,sp,6798,22.126774214638292,4.791732683905143
val,4,ours_two_leg,1,5989,21.996460916743985,4.884909014370704
val,4,ours_two_leg,mu,5989,22.836391593543386,4.884909014370704
val,4,ours_two_leg,sp,5989,23.157636800426246,4.884909014370704
val,4,pratik_ridge100,1,5989,22.63413393669279,5.097943759236894
val,4,pratik_ridge100,mu,5989,22.798996999725972,5.097943759236894
val,4,pratik_ridge100,sp,5989,23.61475399663111,5.097943759236894
val,4,pratik_forest_leaf20,1,5989,22.570683394169656,5.099009899496488
val,4,pratik_forest_leaf20,mu,5989,22.526148683300327,5.099009899496488
val,4,pratik_forest_leaf20,sp,5989,23.393911184345463,5.099009899496488
test,0,ours_two_leg,1,760,19.89508771929824,3.6656925040064428
test,0,ours_two_leg,mu,760,21.131578947368418,3.6656925040064428
test,0,ours_two_leg,sp,760,19.979501385041548,3.6656925040064428
test,0,pratik_ridge100,1,760,20.3219298245614,4.327983396264631
test,0,pratik_ridge100,mu,760,20.458049535603717,4.327983396264631
test,0,pratik_ridge100,sp,760,20.682894736842094,4.327983396264631
test,0,pratik_forest_leaf20,1,760,20.474999999999994,4.354222275169731
test,0,pratik_forest_leaf20,mu,760,19.92574370709381,4.354222275169731
test,0,pratik_forest_leaf20,sp,760,20.475404858299587,4.354222275169731
test,1,ours_two_leg,1,6096,15.79905347769028,4.014060074764015
test,1,ours_two_leg,mu,6096,16.16020341207349,4.014060074764015
test,1,ours_two_leg,sp,6096,16.309022309711285,4.014060074764015
test,1,pratik_ridge100,1,6096,16.398102337128236,5.567601403510564
test,1,pratik_ridge100,mu,6096,17.014421870615223,5.567601403510564
test,1,pratik_ridge100,sp,6096,16.780646642959947,5.567601403510564
test,1,pratik_forest_leaf20,1,6096,16.28433522218682,5.4578349781307125
test,1,pratik_forest_leaf20,mu,6096,16.39370256082854,5.4578349781307125
test,1,pratik_forest_leaf20,sp,6096,16.58616917203531,5.4578349781307125
test,2,ours_two_leg,1,6156,15.96569436204574,4.3418181739456445
test,2,ours_two_leg,mu,6156,16.823346328784922,4.3418181739456445
test,2,ours_two_leg,sp,6156,16.63992852501624,4.3418181739456445
test,2,pratik_ridge100,1,6156,16.707435141602875,5.154470592233223
test,2,pratik_ridge100,mu,6156,17.48823472595402,5.154470592233223
test,2,pratik_ridge100,sp,6156,17.217217444482664,5.154470592233223
test,2,pratik_forest_leaf20,1,6156,16.985171683417292,5.195777059774929
test,2,pratik_forest_leaf20,mu,6156,17.380389051332024,5.195777059774929
test,2,pratik_forest_leaf20,sp,6156,17.507955232909854,5.195777059774929
test,3,ours_two_leg,1,6351,12.864475264904328,3.156914400988228
test,3,ours_two_leg,mu,6351,13.794933971370476,3.156914400988228
test,3,ours_two_leg,sp,6351,13.578320999317691,3.156914400988228
test,3,pratik_ridge100,1,6351,13.794692055945807,4.105640137575906
test,3,pratik_ridge100,mu,6351,15.18979748797887,4.105640137575906
test,3,pratik_ridge100,sp,6351,14.375889320882235,4.105640137575906
test,3,pratik_forest_leaf20,1,6351,13.602834129046041,3.987523938578764
test,3,pratik_forest_leaf20,mu,6351,14.626011309413787,3.987523938578764
test,3,pratik_forest_leaf20,sp,6351,14.181634823800572,3.987523938578764
